# Blender v2.82 (sub 7) OBJ File: 'chain_link.blend'
# www.blender.org
mtllib chain_link.mtl
o ChainLink-convcol_Circle
v -0.000000 0.865306 -0.700000
v -0.136563 0.865306 -0.686550
v -0.267878 0.865306 -0.646716
v -0.388899 0.865306 -0.582029
v -0.494975 0.865306 -0.494975
v -0.582029 0.865306 -0.388899
v -0.646716 0.865306 -0.267879
v -0.686550 0.865306 -0.136563
v -0.700000 0.865306 0.000000
v -0.686550 0.865306 0.136563
v -0.646716 0.865306 0.267878
v -0.582029 0.865306 0.388899
v -0.494975 0.865306 0.494975
v -0.388899 0.865306 0.582028
v -0.267878 0.865306 0.646716
v -0.136563 0.865306 0.686550
v 0.000000 0.865306 0.700000
v 0.136563 0.865306 0.686550
v 0.267879 0.865306 0.646715
v 0.388899 0.865306 0.582028
v 0.494975 0.865306 0.494974
v 0.582029 0.865306 0.388899
v 0.646716 0.865306 0.267878
v 0.686550 0.865306 0.136562
v 0.700000 0.865306 -0.000001
v 0.686549 0.865306 -0.136564
v 0.646715 0.865306 -0.267879
v 0.582028 0.865306 -0.388900
v 0.494974 0.865306 -0.494976
v 0.388898 0.865306 -0.582029
v 0.267877 0.865306 -0.646716
v 0.136562 0.865306 -0.686550
v -0.000000 0.993751 -0.697337
v -0.136563 0.992578 -0.683938
v -0.267878 0.989107 -0.644255
v -0.388899 0.983469 -0.579814
v -0.494975 0.975882 -0.493091
v -0.582029 0.966636 -0.387419
v -0.646716 0.956089 -0.266859
v -0.686550 0.944644 -0.136044
v -0.700000 0.932742 0.000000
v -0.686550 0.920839 0.136044
v -0.646716 0.909395 0.266859
v -0.582029 0.898847 0.387419
v -0.494975 0.889602 0.493091
v -0.388899 0.882015 0.579814
v -0.267878 0.876377 0.644255
v -0.136563 0.872905 0.683937
v 0.000000 0.871733 0.697336
v 0.136563 0.872905 0.683937
v 0.267879 0.876377 0.644255
v 0.388899 0.882015 0.579813
v 0.494975 0.889602 0.493091
v 0.582029 0.898847 0.387419
v 0.646716 0.909395 0.266859
v 0.686550 0.920839 0.136043
v 0.700000 0.932742 -0.000001
v 0.686549 0.944644 -0.136045
v 0.646715 0.956089 -0.266860
v 0.582028 0.966637 -0.387420
v 0.494974 0.975882 -0.493092
v 0.388898 0.983469 -0.579814
v 0.267877 0.989107 -0.644255
v 0.136562 0.992578 -0.683938
v -0.000000 1.026315 -0.697337
v -0.136563 1.025143 -0.683938
v -0.267878 1.021671 -0.644255
v -0.388899 1.016033 -0.579814
v -0.494975 1.008446 -0.493091
v -0.582029 0.999201 -0.387419
v -0.646716 0.988653 -0.266859
v -0.686550 0.977208 -0.136044
v -0.700000 0.965306 0.000000
v -0.686550 0.953404 0.136044
v -0.646716 0.941959 0.266859
v -0.582029 0.931411 0.387419
v -0.494975 0.922166 0.493091
v -0.388899 0.914579 0.579814
v -0.267878 0.908941 0.644255
v -0.136563 0.905469 0.683937
v 0.000000 0.904297 0.697336
v 0.136563 0.905469 0.683937
v 0.267879 0.908941 0.644255
v 0.388899 0.914579 0.579813
v 0.494975 0.922166 0.493091
v 0.582029 0.931411 0.387419
v 0.646716 0.941959 0.266859
v 0.686550 0.953404 0.136043
v 0.700000 0.965306 -0.000001
v 0.686549 0.977208 -0.136045
v 0.646715 0.988653 -0.266860
v 0.582028 0.999201 -0.387420
v 0.494974 1.008446 -0.493092
v 0.388898 1.016033 -0.579814
v 0.267877 1.021671 -0.644255
v 0.136562 1.025143 -0.683938
v -0.000000 1.701929 -0.502431
v -0.136563 1.695876 -0.490420
v -0.267878 1.677947 -0.454849
v -0.388899 1.648833 -0.397084
v -0.494975 1.609653 -0.319345
v -0.582029 1.561911 -0.224621
v -0.646716 1.507442 -0.116550
v -0.686550 1.448341 0.000713
v -0.700000 1.386877 0.122663
v -0.686550 1.325414 0.244612
v -0.646716 1.266312 0.361876
v -0.582029 1.211844 0.469946
v -0.494975 1.164102 0.564671
v -0.388899 1.124922 0.642409
v -0.267878 1.095808 0.700174
v -0.136563 1.077879 0.735745
v 0.000000 1.071826 0.747756
v 0.136563 1.077879 0.735745
v 0.267879 1.095808 0.700174
v 0.388899 1.124922 0.642409
v 0.494975 1.164102 0.564671
v 0.582029 1.211844 0.469946
v 0.646716 1.266313 0.361876
v 0.686550 1.325414 0.244612
v 0.700000 1.386878 0.122662
v 0.686549 1.448341 0.000712
v 0.646715 1.507443 -0.116551
v 0.582028 1.561911 -0.224621
v 0.494974 1.609653 -0.319346
v 0.388898 1.648834 -0.397084
v 0.267877 1.677947 -0.454849
v 0.136562 1.695876 -0.490420
v -0.000000 2.796171 0.669508
v -0.136563 2.783397 0.673721
v -0.267878 2.745567 0.686196
v -0.388899 2.684134 0.706455
v -0.494975 2.601460 0.733720
v -0.582029 2.500721 0.766942
v -0.646716 2.385789 0.804844
v -0.686550 2.261080 0.845971
v -0.700000 2.131387 0.888741
v -0.686550 2.001695 0.931511
v -0.646716 1.876986 0.972638
v -0.582029 1.762054 1.010540
v -0.494975 1.661315 1.043762
v -0.388899 1.578640 1.071027
v -0.267878 1.517208 1.091286
v -0.136563 1.479378 1.103761
v 0.000000 1.466604 1.107974
v 0.136563 1.479378 1.103761
v 0.267879 1.517208 1.091286
v 0.388899 1.578641 1.071027
v 0.494975 1.661315 1.043762
v 0.582029 1.762054 1.010540
v 0.646716 1.876986 0.972638
v 0.686550 2.001695 0.931511
v 0.700000 2.131388 0.888741
v 0.686549 2.261081 0.845971
v 0.646715 2.385790 0.804844
v 0.582028 2.500722 0.766942
v 0.494974 2.601461 0.733720
v 0.388898 2.684135 0.706455
v 0.267877 2.745567 0.686196
v 0.136562 2.783397 0.673721
v -0.000000 2.878855 1.625790
v -0.136563 2.865405 1.625728
v -0.267878 2.825572 1.625544
v -0.388899 2.760885 1.625246
v -0.494975 2.673832 1.624845
v -0.582029 2.567758 1.624355
v -0.646716 2.446738 1.623797
v -0.686550 2.315425 1.623192
v -0.700000 2.178863 1.622562
v -0.686550 2.042301 1.621933
v -0.646716 1.910987 1.621327
v -0.582029 1.789968 1.620769
v -0.494975 1.683893 1.620280
v -0.388899 1.596840 1.619879
v -0.267878 1.532154 1.619581
v -0.136563 1.492321 1.619397
v 0.000000 1.478871 1.619335
v 0.136563 1.492321 1.619397
v 0.267879 1.532154 1.619581
v 0.388899 1.596841 1.619879
v 0.494975 1.683894 1.620280
v 0.582029 1.789968 1.620769
v 0.646716 1.910988 1.621327
v 0.686550 2.042302 1.621933
v 0.700000 2.178864 1.622562
v 0.686549 2.315425 1.623192
v 0.646715 2.446739 1.623797
v 0.582028 2.567759 1.624355
v 0.494974 2.673833 1.624845
v 0.388898 2.760886 1.625246
v 0.267877 2.825572 1.625544
v 0.136562 2.865406 1.625728
v -0.000000 0.865306 10.700001
v -0.136563 0.865306 10.686550
v -0.267878 0.865306 10.646716
v -0.388899 0.865306 10.582029
v -0.494975 0.865306 10.494974
v -0.582029 0.865306 10.388899
v -0.646716 0.865306 10.267879
v -0.686550 0.865306 10.136563
v -0.700000 0.865306 10.000000
v -0.686550 0.865306 9.863437
v -0.646716 0.865306 9.732122
v -0.582029 0.865306 9.611101
v -0.494975 0.865306 9.505026
v -0.388899 0.865306 9.417972
v -0.267878 0.865306 9.353285
v -0.136563 0.865306 9.313450
v 0.000000 0.865306 9.300000
v 0.136563 0.865306 9.313450
v 0.267879 0.865306 9.353285
v 0.388899 0.865306 9.417972
v 0.494975 0.865306 9.505026
v 0.582029 0.865306 9.611101
v 0.646716 0.865306 9.732122
v 0.686550 0.865306 9.863438
v 0.700000 0.865306 10.000001
v 0.686549 0.865306 10.136564
v 0.646715 0.865306 10.267879
v 0.582028 0.865306 10.388900
v 0.494974 0.865306 10.494976
v 0.388898 0.865306 10.582029
v 0.267877 0.865306 10.646716
v 0.136562 0.865306 10.686550
v -0.000000 0.993751 10.697336
v -0.136563 0.992578 10.683937
v -0.267878 0.989107 10.644255
v -0.388899 0.983469 10.579814
v -0.494975 0.975882 10.493092
v -0.582029 0.966636 10.387419
v -0.646716 0.956089 10.266859
v -0.686550 0.944644 10.136044
v -0.700000 0.932742 10.000000
v -0.686550 0.920839 9.863956
v -0.646716 0.909395 9.733141
v -0.582029 0.898847 9.612581
v -0.494975 0.889602 9.506908
v -0.388899 0.882015 9.420186
v -0.267878 0.876377 9.355745
v -0.136563 0.872905 9.316063
v 0.000000 0.871733 9.302664
v 0.136563 0.872905 9.316063
v 0.267879 0.876377 9.355745
v 0.388899 0.882015 9.420187
v 0.494975 0.889602 9.506908
v 0.582029 0.898847 9.612581
v 0.646716 0.909395 9.733141
v 0.686550 0.920839 9.863957
v 0.700000 0.932742 10.000001
v 0.686549 0.944644 10.136045
v 0.646715 0.956089 10.266860
v 0.582028 0.966637 10.387421
v 0.494974 0.975882 10.493092
v 0.388898 0.983469 10.579815
v 0.267877 0.989107 10.644255
v 0.136562 0.992578 10.683937
v -0.000000 1.026315 10.697336
v -0.136563 1.025143 10.683937
v -0.267878 1.021671 10.644255
v -0.388899 1.016033 10.579814
v -0.494975 1.008446 10.493092
v -0.582029 0.999201 10.387419
v -0.646716 0.988653 10.266859
v -0.686550 0.977208 10.136044
v -0.700000 0.965306 10.000000
v -0.686550 0.953404 9.863956
v -0.646716 0.941959 9.733141
v -0.582029 0.931411 9.612581
v -0.494975 0.922166 9.506908
v -0.388899 0.914579 9.420186
v -0.267878 0.908941 9.355745
v -0.136563 0.905469 9.316063
v 0.000000 0.904297 9.302664
v 0.136563 0.905469 9.316063
v 0.267879 0.908941 9.355745
v 0.388899 0.914579 9.420187
v 0.494975 0.922166 9.506908
v 0.582029 0.931411 9.612581
v 0.646716 0.941959 9.733141
v 0.686550 0.953404 9.863957
v 0.700000 0.965306 10.000001
v 0.686549 0.977208 10.136045
v 0.646715 0.988653 10.266860
v 0.582028 0.999201 10.387421
v 0.494974 1.008446 10.493092
v 0.388898 1.016033 10.579815
v 0.267877 1.021671 10.644255
v 0.136562 1.025143 10.683937
v -0.000000 1.701929 10.502432
v -0.136563 1.695876 10.490420
v -0.267878 1.677947 10.454849
v -0.388899 1.648833 10.397084
v -0.494975 1.609653 10.319345
v -0.582029 1.561911 10.224621
v -0.646716 1.507442 10.116550
v -0.686550 1.448341 9.999287
v -0.700000 1.386877 9.877337
v -0.686550 1.325414 9.755388
v -0.646716 1.266312 9.638124
v -0.582029 1.211844 9.530054
v -0.494975 1.164102 9.435329
v -0.388899 1.124922 9.357591
v -0.267878 1.095808 9.299826
v -0.136563 1.077879 9.264255
v 0.000000 1.071826 9.252243
v 0.136563 1.077879 9.264255
v 0.267879 1.095808 9.299826
v 0.388899 1.124922 9.357591
v 0.494975 1.164102 9.435329
v 0.582029 1.211844 9.530054
v 0.646716 1.266313 9.638124
v 0.686550 1.325414 9.755388
v 0.700000 1.386878 9.877338
v 0.686549 1.448341 9.999288
v 0.646715 1.507443 10.116551
v 0.582028 1.561911 10.224621
v 0.494974 1.609653 10.319345
v 0.388898 1.648834 10.397084
v 0.267877 1.677947 10.454849
v 0.136562 1.695876 10.490420
v -0.000000 2.796171 9.330492
v -0.136563 2.783397 9.326279
v -0.267878 2.745567 9.313804
v -0.388899 2.684134 9.293545
v -0.494975 2.601460 9.266279
v -0.582029 2.500721 9.233058
v -0.646716 2.385789 9.195156
v -0.686550 2.261080 9.154029
v -0.700000 2.131387 9.111259
v -0.686550 2.001695 9.068489
v -0.646716 1.876986 9.027362
v -0.582029 1.762054 8.989460
v -0.494975 1.661315 8.956238
v -0.388899 1.578640 8.928973
v -0.267878 1.517208 8.908714
v -0.136563 1.479378 8.896238
v 0.000000 1.466604 8.892026
v 0.136563 1.479378 8.896238
v 0.267879 1.517208 8.908714
v 0.388899 1.578641 8.928973
v 0.494975 1.661315 8.956238
v 0.582029 1.762054 8.989460
v 0.646716 1.876986 9.027363
v 0.686550 2.001695 9.068489
v 0.700000 2.131388 9.111259
v 0.686549 2.261081 9.154030
v 0.646715 2.385790 9.195156
v 0.582028 2.500722 9.233059
v 0.494974 2.601461 9.266280
v 0.388898 2.684135 9.293545
v 0.267877 2.745567 9.313805
v 0.136562 2.783397 9.326279
v -0.000000 2.878855 8.374210
v -0.136563 2.865405 8.374272
v -0.267878 2.825572 8.374456
v -0.388899 2.760885 8.374754
v -0.494975 2.673832 8.375155
v -0.582029 2.567758 8.375645
v -0.646716 2.446738 8.376203
v -0.686550 2.315425 8.376808
v -0.700000 2.178863 8.377438
v -0.686550 2.042301 8.378067
v -0.646716 1.910987 8.378673
v -0.582029 1.789968 8.379230
v -0.494975 1.683893 8.379720
v -0.388899 1.596840 8.380121
v -0.267878 1.532154 8.380419
v -0.136563 1.492321 8.380604
v 0.000000 1.478871 8.380665
v 0.136563 1.492321 8.380604
v 0.267879 1.532154 8.380419
v 0.388899 1.596841 8.380121
v 0.494975 1.683894 8.379720
v 0.582029 1.789968 8.379230
v 0.646716 1.910988 8.378673
v 0.686550 2.042302 8.378067
v 0.700000 2.178864 8.377438
v 0.686549 2.315425 8.376808
v 0.646715 2.446739 8.376203
v 0.582028 2.567759 8.375645
v 0.494974 2.673833 8.375155
v 0.388898 2.760886 8.374754
v 0.267877 2.825572 8.374456
v 0.136562 2.865406 8.374272
v -0.136563 1.492321 5.000000
v 0.000000 1.478871 5.000000
v -0.267878 2.825572 5.000000
v -0.388899 2.760885 5.000000
v 0.388898 2.760886 5.000000
v 0.267877 2.825572 5.000000
v 0.136563 1.492321 5.000000
v -0.494975 2.673832 5.000000
v 0.136562 2.865406 5.000000
v 0.267879 1.532154 5.000000
v -0.582029 2.567758 5.000000
v -0.000000 2.878855 5.000000
v 0.388899 1.596841 5.000000
v -0.646716 2.446738 5.000000
v 0.494975 1.683894 5.000000
v -0.686550 2.315425 5.000000
v 0.582029 1.789968 5.000000
v -0.700000 2.178863 5.000000
v 0.646716 1.910988 5.000000
v -0.686550 2.042301 5.000000
v 0.686550 2.042302 5.000000
v -0.646716 1.910987 5.000000
v 0.700000 2.178864 5.000000
v -0.582029 1.789968 5.000000
v 0.686549 2.315425 5.000000
v -0.494975 1.683893 5.000000
v 0.646715 2.446739 5.000000
v -0.388899 1.596840 5.000000
v 0.582028 2.567759 5.000000
v -0.267878 1.532154 5.000000
v -0.136563 2.865405 5.000000
v 0.494974 2.673833 5.000000
v -0.000000 0.000000 -0.700000
v -0.136563 0.000000 -0.686550
v -0.267878 0.000000 -0.646716
v -0.388899 0.000000 -0.582029
v -0.494975 0.000000 -0.494975
v -0.582029 0.000000 -0.388899
v -0.646716 0.000000 -0.267879
v -0.686550 0.000000 -0.136563
v -0.700000 0.000000 0.000000
v -0.686550 0.000000 0.136563
v -0.646716 0.000000 0.267878
v -0.582029 0.000000 0.388899
v -0.494975 0.000000 0.494975
v -0.388899 0.000000 0.582028
v -0.267878 0.000000 0.646716
v -0.136563 0.000000 0.686550
v 0.000000 0.000000 0.700000
v 0.136563 0.000000 0.686550
v 0.267879 0.000000 0.646715
v 0.388899 0.000000 0.582028
v 0.494975 0.000000 0.494974
v 0.582029 0.000000 0.388899
v 0.646716 0.000000 0.267878
v 0.686550 0.000000 0.136562
v 0.700000 0.000000 -0.000001
v 0.686549 0.000000 -0.136564
v 0.646715 0.000000 -0.267879
v 0.582028 0.000000 -0.388900
v 0.494974 0.000000 -0.494976
v 0.388898 0.000000 -0.582029
v 0.267877 0.000000 -0.646716
v 0.136562 0.000000 -0.686550
v -0.000000 -0.865306 -0.700000
v -0.136563 -0.865306 -0.686550
v -0.267878 -0.865306 -0.646716
v -0.388899 -0.865306 -0.582029
v -0.494975 -0.865306 -0.494975
v -0.582029 -0.865306 -0.388899
v -0.646716 -0.865306 -0.267879
v -0.686550 -0.865306 -0.136563
v -0.700000 -0.865306 0.000000
v -0.686550 -0.865306 0.136563
v -0.646716 -0.865306 0.267878
v -0.582029 -0.865306 0.388899
v -0.494975 -0.865306 0.494975
v -0.388899 -0.865306 0.582028
v -0.267878 -0.865306 0.646716
v -0.136563 -0.865306 0.686550
v 0.000000 -0.865306 0.700000
v 0.136563 -0.865306 0.686550
v 0.267879 -0.865306 0.646715
v 0.388899 -0.865306 0.582028
v 0.494975 -0.865306 0.494974
v 0.582029 -0.865306 0.388899
v 0.646716 -0.865306 0.267878
v 0.686550 -0.865306 0.136562
v 0.700000 -0.865306 -0.000001
v 0.686549 -0.865306 -0.136564
v 0.646715 -0.865306 -0.267879
v 0.582028 -0.865306 -0.388900
v 0.494974 -0.865306 -0.494976
v 0.388898 -0.865306 -0.582029
v 0.267877 -0.865306 -0.646716
v 0.136562 -0.865306 -0.686550
v -0.000000 -0.993751 -0.697337
v -0.136563 -0.992578 -0.683938
v -0.267878 -0.989107 -0.644255
v -0.388899 -0.983469 -0.579814
v -0.494975 -0.975882 -0.493091
v -0.582029 -0.966636 -0.387419
v -0.646716 -0.956089 -0.266859
v -0.686550 -0.944644 -0.136044
v -0.700000 -0.932742 0.000000
v -0.686550 -0.920839 0.136044
v -0.646716 -0.909395 0.266859
v -0.582029 -0.898847 0.387419
v -0.494975 -0.889602 0.493091
v -0.388899 -0.882015 0.579814
v -0.267878 -0.876377 0.644255
v -0.136563 -0.872905 0.683937
v 0.000000 -0.871733 0.697336
v 0.136563 -0.872905 0.683937
v 0.267879 -0.876377 0.644255
v 0.388899 -0.882015 0.579813
v 0.494975 -0.889602 0.493091
v 0.582029 -0.898847 0.387419
v 0.646716 -0.909395 0.266859
v 0.686550 -0.920839 0.136043
v 0.700000 -0.932742 -0.000001
v 0.686549 -0.944644 -0.136045
v 0.646715 -0.956089 -0.266860
v 0.582028 -0.966637 -0.387420
v 0.494974 -0.975882 -0.493092
v 0.388898 -0.983469 -0.579814
v 0.267877 -0.989107 -0.644255
v 0.136562 -0.992578 -0.683938
v -0.000000 -1.026315 -0.697337
v -0.136563 -1.025143 -0.683938
v -0.267878 -1.021671 -0.644255
v -0.388899 -1.016033 -0.579814
v -0.494975 -1.008446 -0.493091
v -0.582029 -0.999201 -0.387419
v -0.646716 -0.988653 -0.266859
v -0.686550 -0.977208 -0.136044
v -0.700000 -0.965306 0.000000
v -0.686550 -0.953404 0.136044
v -0.646716 -0.941959 0.266859
v -0.582029 -0.931411 0.387419
v -0.494975 -0.922166 0.493091
v -0.388899 -0.914579 0.579814
v -0.267878 -0.908941 0.644255
v -0.136563 -0.905469 0.683937
v 0.000000 -0.904297 0.697336
v 0.136563 -0.905469 0.683937
v 0.267879 -0.908941 0.644255
v 0.388899 -0.914579 0.579813
v 0.494975 -0.922166 0.493091
v 0.582029 -0.931411 0.387419
v 0.646716 -0.941959 0.266859
v 0.686550 -0.953404 0.136043
v 0.700000 -0.965306 -0.000001
v 0.686549 -0.977208 -0.136045
v 0.646715 -0.988653 -0.266860
v 0.582028 -0.999201 -0.387420
v 0.494974 -1.008446 -0.493092
v 0.388898 -1.016033 -0.579814
v 0.267877 -1.021671 -0.644255
v 0.136562 -1.025143 -0.683938
v -0.000000 -1.701929 -0.502431
v -0.136563 -1.695876 -0.490420
v -0.267878 -1.677947 -0.454849
v -0.388899 -1.648833 -0.397084
v -0.494975 -1.609653 -0.319345
v -0.582029 -1.561911 -0.224621
v -0.646716 -1.507442 -0.116550
v -0.686550 -1.448341 0.000713
v -0.700000 -1.386877 0.122663
v -0.686550 -1.325414 0.244612
v -0.646716 -1.266312 0.361876
v -0.582029 -1.211844 0.469946
v -0.494975 -1.164102 0.564671
v -0.388899 -1.124922 0.642409
v -0.267878 -1.095808 0.700174
v -0.136563 -1.077879 0.735745
v 0.000000 -1.071826 0.747756
v 0.136563 -1.077879 0.735745
v 0.267879 -1.095808 0.700174
v 0.388899 -1.124922 0.642409
v 0.494975 -1.164102 0.564671
v 0.582029 -1.211844 0.469946
v 0.646716 -1.266313 0.361876
v 0.686550 -1.325414 0.244612
v 0.700000 -1.386878 0.122662
v 0.686549 -1.448341 0.000712
v 0.646715 -1.507443 -0.116551
v 0.582028 -1.561911 -0.224621
v 0.494974 -1.609653 -0.319346
v 0.388898 -1.648834 -0.397084
v 0.267877 -1.677947 -0.454849
v 0.136562 -1.695876 -0.490420
v -0.000000 -2.796171 0.669508
v -0.136563 -2.783397 0.673721
v -0.267878 -2.745567 0.686196
v -0.388899 -2.684134 0.706455
v -0.494975 -2.601460 0.733720
v -0.582029 -2.500721 0.766942
v -0.646716 -2.385789 0.804844
v -0.686550 -2.261080 0.845971
v -0.700000 -2.131387 0.888741
v -0.686550 -2.001695 0.931511
v -0.646716 -1.876986 0.972638
v -0.582029 -1.762054 1.010540
v -0.494975 -1.661315 1.043762
v -0.388899 -1.578640 1.071027
v -0.267878 -1.517208 1.091286
v -0.136563 -1.479378 1.103761
v 0.000000 -1.466604 1.107974
v 0.136563 -1.479378 1.103761
v 0.267879 -1.517208 1.091286
v 0.388899 -1.578641 1.071027
v 0.494975 -1.661315 1.043762
v 0.582029 -1.762054 1.010540
v 0.646716 -1.876986 0.972638
v 0.686550 -2.001695 0.931511
v 0.700000 -2.131388 0.888741
v 0.686549 -2.261081 0.845971
v 0.646715 -2.385790 0.804844
v 0.582028 -2.500722 0.766942
v 0.494974 -2.601461 0.733720
v 0.388898 -2.684135 0.706455
v 0.267877 -2.745567 0.686196
v 0.136562 -2.783397 0.673721
v -0.000000 -2.878855 1.625790
v -0.136563 -2.865405 1.625728
v -0.267878 -2.825572 1.625544
v -0.388899 -2.760885 1.625246
v -0.494975 -2.673832 1.624845
v -0.582029 -2.567758 1.624355
v -0.646716 -2.446738 1.623797
v -0.686550 -2.315425 1.623192
v -0.700000 -2.178863 1.622562
v -0.686550 -2.042301 1.621933
v -0.646716 -1.910987 1.621327
v -0.582029 -1.789968 1.620769
v -0.494975 -1.683893 1.620280
v -0.388899 -1.596840 1.619879
v -0.267878 -1.532154 1.619581
v -0.136563 -1.492321 1.619397
v 0.000000 -1.478871 1.619335
v 0.136563 -1.492321 1.619397
v 0.267879 -1.532154 1.619581
v 0.388899 -1.596841 1.619879
v 0.494975 -1.683894 1.620280
v 0.582029 -1.789968 1.620769
v 0.646716 -1.910988 1.621327
v 0.686550 -2.042302 1.621933
v 0.700000 -2.178864 1.622562
v 0.686549 -2.315425 1.623192
v 0.646715 -2.446739 1.623797
v 0.582028 -2.567759 1.624355
v 0.494974 -2.673833 1.624845
v 0.388898 -2.760886 1.625246
v 0.267877 -2.825572 1.625544
v 0.136562 -2.865406 1.625728
v -0.000000 0.000000 10.700001
v -0.136563 0.000000 10.686550
v -0.267878 0.000000 10.646716
v -0.388899 0.000000 10.582029
v -0.494975 0.000000 10.494974
v -0.582029 0.000000 10.388899
v -0.646716 0.000000 10.267879
v -0.686550 0.000000 10.136563
v -0.700000 0.000000 10.000000
v -0.686550 0.000000 9.863437
v -0.646716 0.000000 9.732122
v -0.582029 0.000000 9.611101
v -0.494975 0.000000 9.505026
v -0.388899 0.000000 9.417972
v -0.267878 0.000000 9.353285
v -0.136563 0.000000 9.313450
v 0.000000 0.000000 9.300000
v 0.136563 0.000000 9.313450
v 0.267879 0.000000 9.353285
v 0.388899 0.000000 9.417972
v 0.494975 0.000000 9.505026
v 0.582029 0.000000 9.611101
v 0.646716 0.000000 9.732122
v 0.686550 0.000000 9.863438
v 0.700000 0.000000 10.000001
v 0.686549 0.000000 10.136564
v 0.646715 0.000000 10.267879
v 0.582028 0.000000 10.388900
v 0.494974 0.000000 10.494976
v 0.388898 0.000000 10.582029
v 0.267877 0.000000 10.646716
v 0.136562 0.000000 10.686550
v -0.000000 -0.865306 10.700001
v -0.136563 -0.865306 10.686550
v -0.267878 -0.865306 10.646716
v -0.388899 -0.865306 10.582029
v -0.494975 -0.865306 10.494974
v -0.582029 -0.865306 10.388899
v -0.646716 -0.865306 10.267879
v -0.686550 -0.865306 10.136563
v -0.700000 -0.865306 10.000000
v -0.686550 -0.865306 9.863437
v -0.646716 -0.865306 9.732122
v -0.582029 -0.865306 9.611101
v -0.494975 -0.865306 9.505026
v -0.388899 -0.865306 9.417972
v -0.267878 -0.865306 9.353285
v -0.136563 -0.865306 9.313450
v 0.000000 -0.865306 9.300000
v 0.136563 -0.865306 9.313450
v 0.267879 -0.865306 9.353285
v 0.388899 -0.865306 9.417972
v 0.494975 -0.865306 9.505026
v 0.582029 -0.865306 9.611101
v 0.646716 -0.865306 9.732122
v 0.686550 -0.865306 9.863438
v 0.700000 -0.865306 10.000001
v 0.686549 -0.865306 10.136564
v 0.646715 -0.865306 10.267879
v 0.582028 -0.865306 10.388900
v 0.494974 -0.865306 10.494976
v 0.388898 -0.865306 10.582029
v 0.267877 -0.865306 10.646716
v 0.136562 -0.865306 10.686550
v -0.000000 -0.993751 10.697336
v -0.136563 -0.992578 10.683937
v -0.267878 -0.989107 10.644255
v -0.388899 -0.983469 10.579814
v -0.494975 -0.975882 10.493092
v -0.582029 -0.966636 10.387419
v -0.646716 -0.956089 10.266859
v -0.686550 -0.944644 10.136044
v -0.700000 -0.932742 10.000000
v -0.686550 -0.920839 9.863956
v -0.646716 -0.909395 9.733141
v -0.582029 -0.898847 9.612581
v -0.494975 -0.889602 9.506908
v -0.388899 -0.882015 9.420186
v -0.267878 -0.876377 9.355745
v -0.136563 -0.872905 9.316063
v 0.000000 -0.871733 9.302664
v 0.136563 -0.872905 9.316063
v 0.267879 -0.876377 9.355745
v 0.388899 -0.882015 9.420187
v 0.494975 -0.889602 9.506908
v 0.582029 -0.898847 9.612581
v 0.646716 -0.909395 9.733141
v 0.686550 -0.920839 9.863957
v 0.700000 -0.932742 10.000001
v 0.686549 -0.944644 10.136045
v 0.646715 -0.956089 10.266860
v 0.582028 -0.966637 10.387421
v 0.494974 -0.975882 10.493092
v 0.388898 -0.983469 10.579815
v 0.267877 -0.989107 10.644255
v 0.136562 -0.992578 10.683937
v -0.000000 -1.026315 10.697336
v -0.136563 -1.025143 10.683937
v -0.267878 -1.021671 10.644255
v -0.388899 -1.016033 10.579814
v -0.494975 -1.008446 10.493092
v -0.582029 -0.999201 10.387419
v -0.646716 -0.988653 10.266859
v -0.686550 -0.977208 10.136044
v -0.700000 -0.965306 10.000000
v -0.686550 -0.953404 9.863956
v -0.646716 -0.941959 9.733141
v -0.582029 -0.931411 9.612581
v -0.494975 -0.922166 9.506908
v -0.388899 -0.914579 9.420186
v -0.267878 -0.908941 9.355745
v -0.136563 -0.905469 9.316063
v 0.000000 -0.904297 9.302664
v 0.136563 -0.905469 9.316063
v 0.267879 -0.908941 9.355745
v 0.388899 -0.914579 9.420187
v 0.494975 -0.922166 9.506908
v 0.582029 -0.931411 9.612581
v 0.646716 -0.941959 9.733141
v 0.686550 -0.953404 9.863957
v 0.700000 -0.965306 10.000001
v 0.686549 -0.977208 10.136045
v 0.646715 -0.988653 10.266860
v 0.582028 -0.999201 10.387421
v 0.494974 -1.008446 10.493092
v 0.388898 -1.016033 10.579815
v 0.267877 -1.021671 10.644255
v 0.136562 -1.025143 10.683937
v -0.000000 -1.701929 10.502432
v -0.136563 -1.695876 10.490420
v -0.267878 -1.677947 10.454849
v -0.388899 -1.648833 10.397084
v -0.494975 -1.609653 10.319345
v -0.582029 -1.561911 10.224621
v -0.646716 -1.507442 10.116550
v -0.686550 -1.448341 9.999287
v -0.700000 -1.386877 9.877337
v -0.686550 -1.325414 9.755388
v -0.646716 -1.266312 9.638124
v -0.582029 -1.211844 9.530054
v -0.494975 -1.164102 9.435329
v -0.388899 -1.124922 9.357591
v -0.267878 -1.095808 9.299826
v -0.136563 -1.077879 9.264255
v 0.000000 -1.071826 9.252243
v 0.136563 -1.077879 9.264255
v 0.267879 -1.095808 9.299826
v 0.388899 -1.124922 9.357591
v 0.494975 -1.164102 9.435329
v 0.582029 -1.211844 9.530054
v 0.646716 -1.266313 9.638124
v 0.686550 -1.325414 9.755388
v 0.700000 -1.386878 9.877338
v 0.686549 -1.448341 9.999288
v 0.646715 -1.507443 10.116551
v 0.582028 -1.561911 10.224621
v 0.494974 -1.609653 10.319345
v 0.388898 -1.648834 10.397084
v 0.267877 -1.677947 10.454849
v 0.136562 -1.695876 10.490420
v -0.000000 -2.796171 9.330492
v -0.136563 -2.783397 9.326279
v -0.267878 -2.745567 9.313804
v -0.388899 -2.684134 9.293545
v -0.494975 -2.601460 9.266279
v -0.582029 -2.500721 9.233058
v -0.646716 -2.385789 9.195156
v -0.686550 -2.261080 9.154029
v -0.700000 -2.131387 9.111259
v -0.686550 -2.001695 9.068489
v -0.646716 -1.876986 9.027362
v -0.582029 -1.762054 8.989460
v -0.494975 -1.661315 8.956238
v -0.388899 -1.578640 8.928973
v -0.267878 -1.517208 8.908714
v -0.136563 -1.479378 8.896238
v 0.000000 -1.466604 8.892026
v 0.136563 -1.479378 8.896238
v 0.267879 -1.517208 8.908714
v 0.388899 -1.578641 8.928973
v 0.494975 -1.661315 8.956238
v 0.582029 -1.762054 8.989460
v 0.646716 -1.876986 9.027363
v 0.686550 -2.001695 9.068489
v 0.700000 -2.131388 9.111259
v 0.686549 -2.261081 9.154030
v 0.646715 -2.385790 9.195156
v 0.582028 -2.500722 9.233059
v 0.494974 -2.601461 9.266280
v 0.388898 -2.684135 9.293545
v 0.267877 -2.745567 9.313805
v 0.136562 -2.783397 9.326279
v -0.000000 -2.878855 8.374210
v -0.136563 -2.865405 8.374272
v -0.267878 -2.825572 8.374456
v -0.388899 -2.760885 8.374754
v -0.494975 -2.673832 8.375155
v -0.582029 -2.567758 8.375645
v -0.646716 -2.446738 8.376203
v -0.686550 -2.315425 8.376808
v -0.700000 -2.178863 8.377438
v -0.686550 -2.042301 8.378067
v -0.646716 -1.910987 8.378673
v -0.582029 -1.789968 8.379230
v -0.494975 -1.683893 8.379720
v -0.388899 -1.596840 8.380121
v -0.267878 -1.532154 8.380419
v -0.136563 -1.492321 8.380604
v 0.000000 -1.478871 8.380665
v 0.136563 -1.492321 8.380604
v 0.267879 -1.532154 8.380419
v 0.388899 -1.596841 8.380121
v 0.494975 -1.683894 8.379720
v 0.582029 -1.789968 8.379230
v 0.646716 -1.910988 8.378673
v 0.686550 -2.042302 8.378067
v 0.700000 -2.178864 8.377438
v 0.686549 -2.315425 8.376808
v 0.646715 -2.446739 8.376203
v 0.582028 -2.567759 8.375645
v 0.494974 -2.673833 8.375155
v 0.388898 -2.760886 8.374754
v 0.267877 -2.825572 8.374456
v 0.136562 -2.865406 8.374272
v -0.136563 -1.492321 5.000000
v 0.000000 -1.478871 5.000000
v -0.267878 -2.825572 5.000000
v -0.388899 -2.760885 5.000000
v 0.388898 -2.760886 5.000000
v 0.267877 -2.825572 5.000000
v 0.136563 -1.492321 5.000000
v -0.494975 -2.673832 5.000000
v 0.136562 -2.865406 5.000000
v 0.267879 -1.532154 5.000000
v -0.582029 -2.567758 5.000000
v -0.000000 -2.878855 5.000000
v 0.388899 -1.596841 5.000000
v -0.646716 -2.446738 5.000000
v 0.494975 -1.683894 5.000000
v -0.686550 -2.315425 5.000000
v 0.582029 -1.789968 5.000000
v -0.700000 -2.178863 5.000000
v 0.646716 -1.910988 5.000000
v -0.686550 -2.042301 5.000000
v 0.686550 -2.042302 5.000000
v -0.646716 -1.910987 5.000000
v 0.700000 -2.178864 5.000000
v -0.582029 -1.789968 5.000000
v 0.686549 -2.315425 5.000000
v -0.494975 -1.683893 5.000000
v 0.646715 -2.446739 5.000000
v -0.388899 -1.596840 5.000000
v 0.582028 -2.567759 5.000000
v -0.267878 -1.532154 5.000000
v -0.136563 -2.865405 5.000000
v 0.494974 -2.673833 5.000000
vt 0.000000 0.000000
vt 0.000000 0.000000
vt 0.000000 0.000000
vt 0.000000 0.000000
vt 0.000000 0.000000
vt 0.000000 0.000000
vt 0.000000 0.000000
vt 0.000000 0.000000
vt 0.000000 0.000000
vt 0.000000 0.000000
vt 0.000000 0.000000
vt 0.000000 0.000000
vt 0.000000 0.000000
vt 0.000000 0.000000
vt 0.000000 0.000000
vt 0.000000 0.000000
vt 0.000000 0.000000
vt 0.000000 0.000000
vt 0.000000 0.000000
vt 0.000000 0.000000
vt 0.000000 0.000000
vt 0.000000 0.000000
vt 0.000000 0.000000
vt 0.000000 0.000000
vt 0.000000 0.000000
vt 0.000000 0.000000
vt 0.000000 0.000000
vt 0.000000 0.000000
vt 0.000000 0.000000
vt 0.000000 0.000000
vt 0.000000 0.000000
vt 0.000000 0.000000
vt 0.000000 0.000000
vt 0.000000 0.000000
vt 0.000000 0.000000
vt 0.000000 0.000000
vt 0.000000 0.000000
vt 0.000000 0.000000
vt 0.000000 0.000000
vt 0.000000 0.000000
vt 0.000000 0.000000
vt 0.000000 0.000000
vt 0.000000 0.000000
vt 0.000000 0.000000
vt 0.000000 0.000000
vt 0.000000 0.000000
vt 0.000000 0.000000
vt 0.000000 0.000000
vt 0.000000 0.000000
vt 0.000000 0.000000
vt 0.000000 0.000000
vt 0.000000 0.000000
vt 0.000000 0.000000
vt 0.000000 0.000000
vt 0.000000 0.000000
vt 0.000000 0.000000
vt 0.000000 0.000000
vt 0.000000 0.000000
vt 0.000000 0.000000
vt 0.000000 0.000000
vt 0.000000 0.000000
vt 0.000000 0.000000
vt 0.000000 0.000000
vt 0.000000 0.000000
vt 0.000000 0.000000
vt 0.000000 0.000000
vt 0.000000 0.000000
vt 0.000000 0.000000
vt 0.000000 0.000000
vt 0.000000 0.000000
vt 0.000000 0.000000
vt 0.000000 0.000000
vt 0.000000 0.000000
vt 0.000000 0.000000
vt 0.000000 0.000000
vt 0.000000 0.000000
vt 0.000000 0.000000
vt 0.000000 0.000000
vt 0.000000 0.000000
vt 0.000000 0.000000
vt 0.000000 0.000000
vt 0.000000 0.000000
vt 0.000000 0.000000
vt 0.000000 0.000000
vt 0.000000 0.000000
vt 0.000000 0.000000
vt 0.000000 0.000000
vt 0.000000 0.000000
vt 0.000000 0.000000
vt 0.000000 0.000000
vt 0.000000 0.000000
vt 0.000000 0.000000
vt 0.000000 0.000000
vt 0.000000 0.000000
vt 0.000000 0.000000
vt 0.000000 0.000000
vt 0.000000 0.000000
vt 0.000000 0.000000
vt 0.000000 0.000000
vt 0.000000 0.000000
vt 0.000000 0.000000
vt 0.000000 0.000000
vt 0.000000 0.000000
vt 0.000000 0.000000
vt 0.000000 0.000000
vt 0.000000 0.000000
vt 0.000000 0.000000
vt 0.000000 0.000000
vt 0.000000 0.000000
vt 0.000000 0.000000
vt 0.000000 0.000000
vt 0.000000 0.000000
vt 0.000000 0.000000
vt 0.000000 0.000000
vt 0.000000 0.000000
vt 0.000000 0.000000
vt 0.000000 0.000000
vt 0.000000 0.000000
vt 0.000000 0.000000
vt 0.000000 0.000000
vt 0.000000 0.000000
vt 0.000000 0.000000
vt 0.000000 0.000000
vt 0.000000 0.000000
vt 0.000000 0.000000
vt 0.000000 0.000000
vt 0.000000 0.000000
vt 0.000000 0.000000
vt 0.000000 0.000000
vt 0.000000 0.000000
vt 0.000000 0.000000
vt 0.000000 0.000000
vt 0.000000 0.000000
vt 0.000000 0.000000
vt 0.000000 0.000000
vt 0.000000 0.000000
vt 0.000000 0.000000
vt 0.000000 0.000000
vt 0.000000 0.000000
vt 0.000000 0.000000
vt 0.000000 0.000000
vt 0.000000 0.000000
vt 0.000000 0.000000
vt 0.000000 0.000000
vt 0.000000 0.000000
vt 0.000000 0.000000
vt 0.000000 0.000000
vt 0.000000 0.000000
vt 0.000000 0.000000
vt 0.000000 0.000000
vt 0.000000 0.000000
vt 0.000000 0.000000
vt 0.000000 0.000000
vt 0.000000 0.000000
vt 0.000000 0.000000
vt 0.000000 0.000000
vt 0.000000 0.000000
vt 0.000000 0.000000
vt 0.000000 0.000000
vt 0.000000 0.000000
vt 0.000000 0.000000
vt 0.000000 0.000000
vt 0.000000 0.000000
vt 0.000000 0.000000
vt 0.000000 0.000000
vt 0.000000 0.000000
vt 0.000000 0.000000
vt 0.000000 0.000000
vt 0.000000 0.000000
vt 0.000000 0.000000
vt 0.000000 0.000000
vt 0.000000 0.000000
vt 0.000000 0.000000
vt 0.000000 0.000000
vt 0.000000 0.000000
vt 0.000000 0.000000
vt 0.000000 0.000000
vt 0.000000 0.000000
vt 0.000000 0.000000
vt 0.000000 0.000000
vt 0.000000 0.000000
vt 0.000000 0.000000
vt 0.000000 0.000000
vt 0.000000 0.000000
vt 0.000000 0.000000
vt 0.000000 0.000000
vt 0.000000 0.000000
vt 0.000000 0.000000
vt 0.000000 0.000000
vt 0.000000 0.000000
vt 0.000000 0.000000
vt 0.000000 0.000000
vt 0.000000 0.000000
vt 0.000000 0.000000
vt 0.000000 0.000000
vt 0.000000 0.000000
vt 0.000000 0.000000
vt 0.000000 0.000000
vt 0.000000 0.000000
vt 0.000000 0.000000
vt 0.000000 0.000000
vt 0.000000 0.000000
vt 0.000000 0.000000
vt 0.000000 0.000000
vt 0.000000 0.000000
vt 0.000000 0.000000
vt 0.000000 0.000000
vt 0.000000 0.000000
vt 0.000000 0.000000
vt 0.000000 0.000000
vt 0.000000 0.000000
vt 0.000000 0.000000
vt 0.000000 0.000000
vt 0.000000 0.000000
vt 0.000000 0.000000
vt 0.000000 0.000000
vt 0.000000 0.000000
vt 0.000000 0.000000
vt 0.000000 0.000000
vt 0.000000 0.000000
vt 0.000000 0.000000
vt 0.000000 0.000000
vt 0.000000 0.000000
vt 0.000000 0.000000
vt 0.000000 0.000000
vt 0.000000 0.000000
vt 0.000000 0.000000
vt 0.000000 0.000000
vt 0.000000 0.000000
vt 0.000000 0.000000
vt 0.000000 0.000000
vt 0.000000 0.000000
vt 0.000000 0.000000
vt 0.000000 0.000000
vt 0.000000 0.000000
vt 0.000000 0.000000
vt 0.000000 0.000000
vt 0.000000 0.000000
vt 0.000000 0.000000
vt 0.000000 0.000000
vt 0.000000 0.000000
vt 0.000000 0.000000
vt 0.000000 0.000000
vt 0.000000 0.000000
vt 0.000000 0.000000
vt 0.000000 0.000000
vt 0.000000 0.000000
vt 0.000000 0.000000
vt 0.000000 0.000000
vt 0.000000 0.000000
vt 0.000000 0.000000
vt 0.000000 0.000000
vt 0.000000 0.000000
vt 0.000000 0.000000
vt 0.000000 0.000000
vt 0.000000 0.000000
vt 0.000000 0.000000
vt 0.000000 0.000000
vt 0.000000 0.000000
vt 0.000000 0.000000
vt 0.000000 0.000000
vt 0.000000 0.000000
vt 0.000000 0.000000
vt 0.000000 0.000000
vt 0.000000 0.000000
vt 0.000000 0.000000
vt 0.000000 0.000000
vt 0.000000 0.000000
vt 0.000000 0.000000
vt 0.000000 0.000000
vt 0.000000 0.000000
vt 0.000000 0.000000
vt 0.000000 0.000000
vt 0.000000 0.000000
vt 0.000000 0.000000
vt 0.000000 0.000000
vt 0.000000 0.000000
vt 0.000000 0.000000
vt 0.000000 0.000000
vt 0.000000 0.000000
vt 0.000000 0.000000
vt 0.000000 0.000000
vt 0.000000 0.000000
vt 0.000000 0.000000
vt 0.000000 0.000000
vt 0.000000 0.000000
vt 0.000000 0.000000
vt 0.000000 0.000000
vt 0.000000 0.000000
vt 0.000000 0.000000
vt 0.000000 0.000000
vt 0.000000 0.000000
vt 0.000000 0.000000
vt 0.000000 0.000000
vt 0.000000 0.000000
vt 0.000000 0.000000
vt 0.000000 0.000000
vt 0.000000 0.000000
vt 0.000000 0.000000
vt 0.000000 0.000000
vt 0.000000 0.000000
vt 0.000000 0.000000
vt 0.000000 0.000000
vt 0.000000 0.000000
vt 0.000000 0.000000
vt 0.000000 0.000000
vt 0.000000 0.000000
vt 0.000000 0.000000
vt 0.000000 0.000000
vt 0.000000 0.000000
vt 0.000000 0.000000
vt 0.000000 0.000000
vt 0.000000 0.000000
vt 0.000000 0.000000
vt 0.000000 0.000000
vt 0.000000 0.000000
vt 0.000000 0.000000
vt 0.000000 0.000000
vt 0.000000 0.000000
vt 0.000000 0.000000
vt 0.000000 0.000000
vt 0.000000 0.000000
vt 0.000000 0.000000
vt 0.000000 0.000000
vt 0.000000 0.000000
vt 0.000000 0.000000
vt 0.000000 0.000000
vt 0.000000 0.000000
vt 0.000000 0.000000
vt 0.000000 0.000000
vt 0.000000 0.000000
vt 0.000000 0.000000
vt 0.000000 0.000000
vt 0.000000 0.000000
vt 0.000000 0.000000
vt 0.000000 0.000000
vt 0.000000 0.000000
vt 0.000000 0.000000
vt 0.000000 0.000000
vt 0.000000 0.000000
vt 0.000000 0.000000
vt 0.000000 0.000000
vt 0.000000 0.000000
vt 0.000000 0.000000
vt 0.000000 0.000000
vt 0.000000 0.000000
vt 0.000000 0.000000
vt 0.000000 0.000000
vt 0.000000 0.000000
vt 0.000000 0.000000
vt 0.000000 0.000000
vt 0.000000 0.000000
vt 0.000000 0.000000
vt 0.000000 0.000000
vt 0.000000 0.000000
vt 0.000000 0.000000
vt 0.000000 0.000000
vt 0.000000 0.000000
vt 0.000000 0.000000
vt 0.000000 0.000000
vt 0.000000 0.000000
vt 0.000000 0.000000
vt 0.000000 0.000000
vt 0.000000 0.000000
vt 0.000000 0.000000
vt 0.000000 0.000000
vt 0.000000 0.000000
vt 0.000000 0.000000
vt 0.000000 0.000000
vt 0.000000 0.000000
vt 0.000000 0.000000
vt 0.000000 0.000000
vt 0.000000 0.000000
vt 0.000000 0.000000
vt 0.000000 0.000000
vt 0.000000 0.000000
vt 0.000000 0.000000
vt 0.000000 0.000000
vt 0.000000 0.000000
vt 0.000000 0.000000
vt 0.000000 0.000000
vt 0.000000 0.000000
vt 0.000000 0.000000
vt 0.000000 0.000000
vt 0.000000 0.000000
vt 0.000000 0.000000
vt 0.000000 0.000000
vt 0.000000 0.000000
vt 0.000000 0.000000
vt 0.000000 0.000000
vt 0.000000 0.000000
vt 0.000000 0.000000
vt 0.000000 0.000000
vt 0.000000 0.000000
vt 0.000000 0.000000
vt 0.000000 0.000000
vt 0.000000 0.000000
vt 0.000000 0.000000
vt 0.000000 0.000000
vt 0.000000 0.000000
vt 0.000000 0.000000
vt 0.000000 0.000000
vt 0.000000 0.000000
vt 0.000000 0.000000
vt 0.000000 0.000000
vt 0.000000 0.000000
vt 0.000000 0.000000
vt 0.000000 0.000000
vt 0.000000 0.000000
vt 0.000000 0.000000
vt 0.000000 0.000000
vt 0.000000 0.000000
vt 0.000000 0.000000
vt 0.000000 0.000000
vt 0.000000 0.000000
vt 0.000000 0.000000
vt 0.000000 0.000000
vt 0.000000 0.000000
vt 0.000000 0.000000
vt 0.000000 0.000000
vt 0.000000 0.000000
vt 0.000000 0.000000
vt 0.000000 0.000000
vt 0.000000 0.000000
vt 0.000000 0.000000
vt 0.000000 0.000000
vt 0.000000 0.000000
vt 0.000000 0.000000
vt 0.000000 0.000000
vt 0.000000 0.000000
vt 0.000000 0.000000
vt 0.000000 0.000000
vt 0.000000 0.000000
vt 0.000000 0.000000
vt 0.000000 0.000000
vt 0.000000 0.000000
vt 0.000000 0.000000
vt 0.000000 0.000000
vt 0.000000 0.000000
vt 0.000000 0.000000
vt 0.000000 0.000000
vt 0.000000 0.000000
vt 0.000000 0.000000
vt 0.000000 0.000000
vt 0.000000 0.000000
vt 0.000000 0.000000
vt 0.000000 0.000000
vt 0.000000 0.000000
vt 0.000000 0.000000
vt 0.000000 0.000000
vt 0.000000 0.000000
vt 0.000000 0.000000
vt 0.000000 0.000000
vt 0.000000 0.000000
vt 0.000000 0.000000
vt 0.000000 0.000000
vt 0.000000 0.000000
vt 0.000000 0.000000
vt 0.000000 0.000000
vt 0.000000 0.000000
vt 0.000000 0.000000
vt 0.000000 0.000000
vt 0.000000 0.000000
vt 0.000000 0.000000
vt 0.000000 0.000000
vt 0.000000 0.000000
vt 0.000000 0.000000
vt 0.000000 0.000000
vt 0.000000 0.000000
vt 0.000000 0.000000
vt 0.000000 0.000000
vt 0.000000 0.000000
vt 0.000000 0.000000
vt 0.000000 0.000000
vt 0.000000 0.000000
vt 0.000000 0.000000
vt 0.000000 0.000000
vt 0.000000 0.000000
vt 0.000000 0.000000
vt 0.000000 0.000000
vt 0.000000 0.000000
vt 0.000000 0.000000
vt 0.000000 0.000000
vt 0.000000 0.000000
vt 0.000000 0.000000
vt 0.000000 0.000000
vt 0.000000 0.000000
vt 0.000000 0.000000
vt 0.000000 0.000000
vt 0.000000 0.000000
vt 0.000000 0.000000
vt 0.000000 0.000000
vt 0.000000 0.000000
vt 0.000000 0.000000
vt 0.000000 0.000000
vt 0.000000 0.000000
vt 0.000000 0.000000
vt 0.000000 0.000000
vt 0.000000 0.000000
vt 0.000000 0.000000
vt 0.000000 0.000000
vt 0.000000 0.000000
vt 0.000000 0.000000
vt 0.000000 0.000000
vt 0.000000 0.000000
vt 0.000000 0.000000
vt 0.000000 0.000000
vt 0.000000 0.000000
vt 0.000000 0.000000
vt 0.000000 0.000000
vt 0.000000 0.000000
vt 0.000000 0.000000
vt 0.000000 0.000000
vt 0.000000 0.000000
vt 0.000000 0.000000
vt 0.000000 0.000000
vt 0.000000 0.000000
vt 0.000000 0.000000
vt 0.000000 0.000000
vt 0.000000 0.000000
vt 0.000000 0.000000
vt 0.000000 0.000000
vt 0.000000 0.000000
vt 0.000000 0.000000
vt 0.000000 0.000000
vt 0.000000 0.000000
vt 0.000000 0.000000
vt 0.000000 0.000000
vt 0.000000 0.000000
vt 0.000000 0.000000
vt 0.000000 0.000000
vt 0.000000 0.000000
vt 0.000000 0.000000
vt 0.000000 0.000000
vt 0.000000 0.000000
vt 0.000000 0.000000
vt 0.000000 0.000000
vt 0.000000 0.000000
vt 0.000000 0.000000
vt 0.000000 0.000000
vt 0.000000 0.000000
vt 0.000000 0.000000
vt 0.000000 0.000000
vt 0.000000 0.000000
vt 0.000000 0.000000
vt 0.000000 0.000000
vt 0.000000 0.000000
vt 0.000000 0.000000
vt 0.000000 0.000000
vt 0.000000 0.000000
vt 0.000000 0.000000
vt 0.000000 0.000000
vt 0.000000 0.000000
vt 0.000000 0.000000
vt 0.000000 0.000000
vt 0.000000 0.000000
vt 0.000000 0.000000
vt 0.000000 0.000000
vt 0.000000 0.000000
vt 0.000000 0.000000
vt 0.000000 0.000000
vt 0.000000 0.000000
vt 0.000000 0.000000
vt 0.000000 0.000000
vt 0.000000 0.000000
vt 0.000000 0.000000
vt 0.000000 0.000000
vt 0.000000 0.000000
vt 0.000000 0.000000
vt 0.000000 0.000000
vt 0.000000 0.000000
vt 0.000000 0.000000
vt 0.000000 0.000000
vt 0.000000 0.000000
vt 0.000000 0.000000
vt 0.000000 0.000000
vt 0.000000 0.000000
vt 0.000000 0.000000
vt 0.000000 0.000000
vt 0.000000 0.000000
vt 0.000000 0.000000
vt 0.000000 0.000000
vt 0.000000 0.000000
vt 0.000000 0.000000
vt 0.000000 0.000000
vt 0.000000 0.000000
vt 0.000000 0.000000
vt 0.000000 0.000000
vt 0.000000 0.000000
vt 0.000000 0.000000
vt 0.000000 0.000000
vt 0.000000 0.000000
vt 0.000000 0.000000
vt 0.000000 0.000000
vt 0.000000 0.000000
vt 0.000000 0.000000
vt 0.000000 0.000000
vt 0.000000 0.000000
vt 0.000000 0.000000
vt 0.000000 0.000000
vt 0.000000 0.000000
vt 0.000000 0.000000
vt 0.000000 0.000000
vt 0.000000 0.000000
vt 0.000000 0.000000
vt 0.000000 0.000000
vt 0.000000 0.000000
vt 0.000000 0.000000
vt 0.000000 0.000000
vt 0.000000 0.000000
vt 0.000000 0.000000
vt 0.000000 0.000000
vt 0.000000 0.000000
vt 0.000000 0.000000
vt 0.000000 0.000000
vt 0.000000 0.000000
vt 0.000000 0.000000
vt 0.000000 0.000000
vt 0.000000 0.000000
vt 0.000000 0.000000
vt 0.000000 0.000000
vt 0.000000 0.000000
vt 0.000000 0.000000
vt 0.000000 0.000000
vt 0.000000 0.000000
vt 0.000000 0.000000
vt 0.000000 0.000000
vt 0.000000 0.000000
vt 0.000000 0.000000
vt 0.000000 0.000000
vt 0.000000 0.000000
vt 0.000000 0.000000
vt 0.000000 0.000000
vt 0.000000 0.000000
vt 0.000000 0.000000
vt 0.000000 0.000000
vt 0.000000 0.000000
vt 0.000000 0.000000
vt 0.000000 0.000000
vt 0.000000 0.000000
vt 0.000000 0.000000
vt 0.000000 0.000000
vt 0.000000 0.000000
vt 0.000000 0.000000
vt 0.000000 0.000000
vt 0.000000 0.000000
vt 0.000000 0.000000
vt 0.000000 0.000000
vt 0.000000 0.000000
vt 0.000000 0.000000
vt 0.000000 0.000000
vt 0.000000 0.000000
vt 0.000000 0.000000
vt 0.000000 0.000000
vt 0.000000 0.000000
vt 0.000000 0.000000
vt 0.000000 0.000000
vt 0.000000 0.000000
vt 0.000000 0.000000
vt 0.000000 0.000000
vt 0.000000 0.000000
vt 0.000000 0.000000
vt 0.000000 0.000000
vt 0.000000 0.000000
vt 0.000000 0.000000
vt 0.000000 0.000000
vt 0.000000 0.000000
vt 0.000000 0.000000
vt 0.000000 0.000000
vt 0.000000 0.000000
vt 0.000000 0.000000
vt 0.000000 0.000000
vt 0.000000 0.000000
vt 0.000000 0.000000
vt 0.000000 0.000000
vt 0.000000 0.000000
vt 0.000000 0.000000
vt 0.000000 0.000000
vt 0.000000 0.000000
vt 0.000000 0.000000
vt 0.000000 0.000000
vt 0.000000 0.000000
vt 0.000000 0.000000
vt 0.000000 0.000000
vt 0.000000 0.000000
vt 0.000000 0.000000
vt 0.000000 0.000000
vt 0.000000 0.000000
vt 0.000000 0.000000
vt 0.000000 0.000000
vt 0.000000 0.000000
vt 0.000000 0.000000
vt 0.000000 0.000000
vt 0.000000 0.000000
vt 0.000000 0.000000
vt 0.000000 0.000000
vt 0.000000 0.000000
vt 0.000000 0.000000
vt 0.000000 0.000000
vt 0.000000 0.000000
vt 0.000000 0.000000
vt 0.000000 0.000000
vt 0.000000 0.000000
vt 0.000000 0.000000
vt 0.000000 0.000000
vt 0.000000 0.000000
vt 0.000000 0.000000
vt 0.000000 0.000000
vt 0.000000 0.000000
vt 0.000000 0.000000
vt 0.000000 0.000000
vt 0.000000 0.000000
vt 0.000000 0.000000
vt 0.000000 0.000000
vt 0.000000 0.000000
vt 0.000000 0.000000
vt 0.000000 0.000000
vt 0.000000 0.000000
vt 0.000000 0.000000
vt 0.000000 0.000000
vt 0.000000 0.000000
vt 0.000000 0.000000
vt 0.000000 0.000000
vt 0.000000 0.000000
vt 0.000000 0.000000
vt 0.000000 0.000000
vt 0.000000 0.000000
vt 0.000000 0.000000
vt 0.000000 0.000000
vt 0.000000 0.000000
vt 0.000000 0.000000
vt 0.000000 0.000000
vt 0.000000 0.000000
vt 0.000000 0.000000
vt 0.000000 0.000000
vt 0.000000 0.000000
vt 0.000000 0.000000
vt 0.000000 0.000000
vt 0.000000 0.000000
vt 0.000000 0.000000
vt 0.000000 0.000000
vt 0.000000 0.000000
vt 0.000000 0.000000
vt 0.000000 0.000000
vt 0.000000 0.000000
vt 0.000000 0.000000
vt 0.000000 0.000000
vt 0.000000 0.000000
vt 0.000000 0.000000
vt 0.000000 0.000000
vt 0.000000 0.000000
vt 0.000000 0.000000
vt 0.000000 0.000000
vt 0.000000 0.000000
vt 0.000000 0.000000
vt 0.000000 0.000000
vt 0.000000 0.000000
vt 0.000000 0.000000
vt 0.000000 0.000000
vt 0.000000 0.000000
vt 0.000000 0.000000
vt 0.000000 0.000000
vt 0.000000 0.000000
vt 0.000000 0.000000
vt 0.000000 0.000000
vt 0.000000 0.000000
vt 0.000000 0.000000
vt 0.000000 0.000000
vt 0.000000 0.000000
vt 0.000000 0.000000
vt 0.000000 0.000000
vt 0.000000 0.000000
vt 0.000000 0.000000
vt 0.000000 0.000000
vt 0.000000 0.000000
vt 0.000000 0.000000
vt 0.000000 0.000000
vt 0.000000 0.000000
vt 0.000000 0.000000
vt 0.000000 0.000000
vt 0.000000 0.000000
vt 0.000000 0.000000
vt 0.000000 0.000000
vt 0.000000 0.000000
vt 0.000000 0.000000
vt 0.000000 0.000000
vt 0.000000 0.000000
vt 0.000000 0.000000
vt 0.000000 0.000000
vt 0.000000 0.000000
vt 0.000000 0.000000
vt 0.000000 0.000000
vt 0.000000 0.000000
vt 0.000000 0.000000
vt 0.000000 0.000000
vt 0.000000 0.000000
vt 0.000000 0.000000
vt 0.000000 0.000000
vt 0.000000 0.000000
vt 0.000000 0.000000
vt 0.000000 0.000000
vt 0.000000 0.000000
vt 0.000000 0.000000
vt 0.000000 0.000000
vt 0.000000 0.000000
vt 0.000000 0.000000
vt 0.000000 0.000000
vt 0.000000 0.000000
vt 0.000000 0.000000
vt 0.000000 0.000000
vt 0.000000 0.000000
vt 0.000000 0.000000
vt 0.000000 0.000000
vt 0.000000 0.000000
vt 0.000000 0.000000
vt 0.000000 0.000000
vt 0.000000 0.000000
vt 0.000000 0.000000
vt 0.000000 0.000000
vt 0.000000 0.000000
vt 0.000000 0.000000
vt 0.000000 0.000000
vt 0.000000 0.000000
vt 0.000000 0.000000
vt 0.000000 0.000000
vt 0.000000 0.000000
vt 0.000000 0.000000
vt 0.000000 0.000000
vt 0.000000 0.000000
vt 0.000000 0.000000
vt 0.000000 0.000000
vt 0.000000 0.000000
vt 0.000000 0.000000
vt 0.000000 0.000000
vt 0.000000 0.000000
vt 0.000000 0.000000
vt 0.000000 0.000000
vt 0.000000 0.000000
vt 0.000000 0.000000
vt 0.000000 0.000000
vt 0.000000 0.000000
vt 0.000000 0.000000
vt 0.000000 0.000000
vt 0.000000 0.000000
vt 0.000000 0.000000
vt 0.000000 0.000000
vt 0.000000 0.000000
vt 0.000000 0.000000
vt 0.000000 0.000000
vt 0.000000 0.000000
vt 0.000000 0.000000
vt 0.000000 0.000000
vt 0.000000 0.000000
vt 0.000000 0.000000
vt 0.000000 0.000000
vt 0.000000 0.000000
vt 0.000000 0.000000
vt 0.000000 0.000000
vt 0.000000 0.000000
vt 0.000000 0.000000
vt 0.000000 0.000000
vt 0.000000 0.000000
vt 0.000000 0.000000
vt 0.000000 0.000000
vt 0.000000 0.000000
vt 0.000000 0.000000
vt 0.000000 0.000000
vt 0.000000 0.000000
vt 0.000000 0.000000
vt 0.000000 0.000000
vt 0.000000 0.000000
vt 0.000000 0.000000
vt 0.000000 0.000000
vt 0.000000 0.000000
vt 0.000000 0.000000
vt 0.000000 0.000000
vt 0.000000 0.000000
vt 0.000000 0.000000
vt 0.000000 0.000000
vt 0.000000 0.000000
vt 0.000000 0.000000
vt 0.000000 0.000000
vt 0.000000 0.000000
vt 0.000000 0.000000
vt 0.000000 0.000000
vt 0.000000 0.000000
vt 0.000000 0.000000
vt 0.000000 0.000000
vt 0.000000 0.000000
vt 0.000000 0.000000
vt 0.000000 0.000000
vt 0.000000 0.000000
vt 0.000000 0.000000
vt 0.000000 0.000000
vt 0.000000 0.000000
vt 0.000000 0.000000
vn -0.8819 0.0000 -0.4714
vn 0.6344 0.0000 0.7730
vn -0.9569 0.0000 -0.2903
vn 0.7730 0.0000 0.6344
vn -0.9952 0.0000 -0.0980
vn 0.8819 0.0000 0.4714
vn -0.9952 0.0000 0.0980
vn 0.9569 0.0000 0.2903
vn -0.9569 0.0000 0.2903
vn 0.9952 0.0000 0.0980
vn -0.8819 0.0000 0.4714
vn 0.9952 0.0000 -0.0980
vn -0.7730 0.0000 0.6344
vn 0.9569 0.0000 -0.2903
vn -0.6344 0.0000 0.7730
vn 0.8819 0.0000 -0.4714
vn -0.4714 0.0000 0.8819
vn -0.0980 0.0000 -0.9952
vn 0.7730 0.0000 -0.6344
vn -0.2903 0.0000 0.9569
vn -0.2903 0.0000 -0.9569
vn 0.6344 0.0000 -0.7730
vn -0.0980 0.0000 0.9952
vn -0.4714 0.0000 -0.8819
vn 0.4714 0.0000 -0.8819
vn 0.0980 0.0000 0.9952
vn -0.6344 0.0000 -0.7730
vn 0.2903 0.0000 -0.9569
vn 0.2903 0.0000 0.9569
vn -0.7730 0.0000 -0.6344
vn 0.0980 0.0000 -0.9952
vn 0.4714 0.0000 0.8819
vn -0.0979 0.0205 -0.9950
vn 0.7726 0.0101 -0.6348
vn -0.2774 0.2519 0.9271
vn -0.2900 0.0193 -0.9568
vn 0.6339 0.0139 -0.7733
vn -0.0901 0.3507 0.9322
vn -0.4709 0.0170 -0.8820
vn 0.4709 0.0170 -0.8820
vn 0.0901 0.3507 0.9322
vn -0.6339 0.0139 -0.7733
vn 0.2900 0.0193 -0.9568
vn 0.2774 0.2519 0.9271
vn -0.7726 0.0101 -0.6348
vn 0.0979 0.0205 -0.9950
vn 0.4629 0.1471 0.8741
vn -0.8816 0.0061 -0.4719
vn 0.6301 0.0772 0.7726
vn -0.9568 0.0026 -0.2907
vn 0.7711 0.0370 0.6356
vn -0.9952 0.0003 -0.0982
vn 0.8812 0.0152 0.4726
vn -0.9952 0.0004 0.0982
vn 0.9567 0.0045 0.2910
vn -0.9567 0.0045 0.2910
vn 0.9952 0.0004 0.0982
vn -0.8812 0.0152 0.4726
vn 0.9952 0.0003 -0.0982
vn -0.7711 0.0370 0.6356
vn 0.9568 0.0026 -0.2907
vn -0.6301 0.0772 0.7726
vn 0.8816 0.0061 -0.4719
vn -0.4629 0.1471 0.8741
vn -0.6329 0.0000 -0.7742
vn 0.2893 0.0000 -0.9572
vn 0.2893 0.0000 0.9572
vn -0.7718 0.0000 -0.6358
vn 0.0976 0.0000 -0.9952
vn 0.4700 0.0000 0.8827
vn -0.8812 0.0000 -0.4728
vn 0.6329 0.0000 0.7742
vn -0.9566 0.0000 -0.2913
vn 0.7718 0.0000 0.6358
vn -0.9951 0.0000 -0.0984
vn 0.8812 0.0000 0.4728
vn -0.9951 0.0000 0.0984
vn 0.9566 0.0000 0.2913
vn -0.9566 0.0000 0.2913
vn 0.9951 0.0000 0.0984
vn -0.8812 0.0000 0.4728
vn 0.9951 0.0000 -0.0984
vn -0.7718 0.0000 0.6358
vn 0.9566 0.0000 -0.2913
vn -0.6329 0.0000 0.7742
vn 0.8812 0.0000 -0.4728
vn -0.4700 0.0000 0.8827
vn -0.0976 0.0000 -0.9952
vn 0.7718 0.0000 -0.6358
vn -0.2893 0.0000 0.9572
vn -0.2893 0.0000 -0.9572
vn 0.6329 0.0000 -0.7742
vn -0.0976 0.0000 0.9952
vn -0.4700 0.0000 -0.8827
vn 0.4700 0.0000 -0.8827
vn 0.0976 0.0000 0.9952
vn -0.9555 0.0822 -0.2835
vn 0.7673 -0.1815 0.6151
vn -0.9950 0.0278 -0.0958
vn 0.8783 -0.1347 0.4587
vn -0.9950 -0.0279 0.0958
vn 0.9555 -0.0828 0.2833
vn -0.9555 -0.0828 0.2833
vn 0.9950 -0.0279 0.0958
vn -0.8783 -0.1347 0.4587
vn 0.9950 0.0278 -0.0958
vn -0.7673 -0.1815 0.6151
vn 0.9555 0.0822 -0.2835
vn -0.6275 -0.2215 0.7465
vn 0.8783 0.1329 -0.4592
vn -0.4647 -0.2532 0.8485
vn -0.0963 0.2759 -0.9564
vn 0.7673 0.1781 -0.6160
vn -0.2855 -0.2753 0.9180
vn -0.2855 0.2657 -0.9208
vn 0.6275 0.2161 -0.7480
vn -0.0963 -0.2866 0.9532
vn -0.4648 0.2456 -0.8507
vn 0.4648 0.2456 -0.8507
vn 0.0963 -0.2866 0.9532
vn -0.6275 0.2161 -0.7480
vn 0.2855 0.2657 -0.9208
vn 0.2855 -0.2753 0.9180
vn -0.7673 0.1781 -0.6160
vn 0.0963 0.2759 -0.9564
vn 0.4647 -0.2532 0.8485
vn -0.8783 0.1329 -0.4592
vn 0.6275 -0.2215 0.7465
vn -0.9499 -0.2220 0.2202
vn 0.9943 -0.0759 0.0743
vn -0.8649 -0.3535 0.3564
vn 0.9943 0.0763 -0.0738
vn -0.7464 -0.4643 0.4769
vn 0.9500 0.2256 -0.2160
vn -0.6024 -0.5512 0.5774
vn 0.8653 0.3634 -0.3452
vn -0.4407 -0.6137 0.6551
vn -0.0905 0.7278 -0.6798
vn 0.7473 0.4832 -0.4562
vn -0.2682 -0.6532 0.7081
vn -0.2697 0.7034 -0.6576
vn 0.6038 0.5808 -0.5459
vn -0.0900 -0.6721 0.7349
vn -0.4425 0.6544 -0.6131
vn 0.4425 0.6544 -0.6131
vn 0.0900 -0.6721 0.7349
vn -0.6038 0.5808 -0.5459
vn 0.2697 0.7034 -0.6576
vn 0.2682 -0.6532 0.7081
vn -0.7473 0.4832 -0.4562
vn 0.0905 0.7278 -0.6798
vn 0.4407 -0.6137 0.6551
vn -0.8653 0.3634 -0.3452
vn 0.6024 -0.5512 0.5774
vn -0.9500 0.2256 -0.2160
vn 0.7464 -0.4643 0.4769
vn -0.9943 0.0763 -0.0738
vn 0.8649 -0.3535 0.3564
vn -0.9943 -0.0759 0.0743
vn 0.9499 -0.2220 0.2202
vn -0.6266 -0.7788 0.0282
vn 0.8787 0.4760 -0.0363
vn -0.4637 -0.8856 0.0273
vn -0.0965 0.9916 -0.0856
vn 0.7680 0.6385 -0.0509
vn -0.2846 -0.9583 0.0256
vn -0.2861 0.9547 -0.0818
vn 0.6284 0.7753 -0.0639
vn -0.0959 -0.9951 0.0244
vn -0.4656 0.8818 -0.0744
vn 0.4656 0.8818 -0.0744
vn 0.0959 -0.9951 0.0244
vn -0.6284 0.7753 -0.0639
vn 0.2861 0.9547 -0.0818
vn 0.2846 -0.9583 0.0256
vn -0.7680 0.6385 -0.0509
vn 0.0965 0.9916 -0.0856
vn 0.4637 -0.8856 0.0273
vn -0.8787 0.4760 -0.0363
vn 0.6266 -0.7788 0.0282
vn -0.9556 0.2940 -0.0212
vn 0.7668 -0.6413 0.0273
vn -0.9950 0.0995 -0.0067
vn 0.8782 -0.4778 0.0235
vn -0.9950 -0.0996 0.0062
vn 0.9554 -0.2947 0.0164
vn -0.9554 -0.2947 0.0164
vn 0.9950 -0.0996 0.0062
vn -0.8782 -0.4778 0.0235
vn 0.9950 0.0995 -0.0067
vn -0.7668 -0.6413 0.0273
vn 0.9556 0.2940 -0.0212
vn 0.7730 0.6344 0.0000
vn -0.4714 -0.8819 0.0000
vn 0.8819 0.4714 0.0000
vn -0.6344 -0.7730 0.0000
vn 0.9569 0.2903 0.0000
vn -0.7730 -0.6344 0.0000
vn 0.9952 0.0980 0.0000
vn -0.8819 -0.4714 0.0000
vn 0.9952 -0.0980 0.0000
vn -0.9569 -0.2903 0.0000
vn 0.9569 -0.2903 0.0000
vn -0.9952 -0.0980 0.0000
vn 0.8819 -0.4714 0.0000
vn -0.9952 0.0980 0.0000
vn 0.7730 -0.6344 0.0000
vn -0.9569 0.2903 0.0000
vn 0.6344 -0.7730 0.0000
vn -0.0980 0.9952 0.0000
vn -0.8819 0.4714 0.0000
vn 0.4714 -0.8819 0.0000
vn 0.0980 0.9952 0.0000
vn -0.7730 0.6344 0.0000
vn 0.2903 -0.9569 0.0000
vn 0.2903 0.9569 0.0000
vn 0.4714 0.8819 0.0000
vn 0.6344 0.7730 0.0000
vn -0.6344 0.7730 0.0000
vn -0.4714 0.8819 0.0000
vn -0.2903 0.9569 0.0000
vn 0.0980 -0.9952 0.0000
vn -0.0980 -0.9952 0.0000
vn -0.2903 -0.9569 0.0000
vn -0.0979 0.0205 0.9950
vn 0.7726 0.0101 0.6348
vn -0.2774 0.2519 -0.9271
vn -0.2900 0.0193 0.9568
vn 0.6339 0.0139 0.7733
vn -0.0901 0.3507 -0.9321
vn -0.4709 0.0170 0.8820
vn 0.4709 0.0170 0.8820
vn 0.0901 0.3507 -0.9321
vn -0.6339 0.0139 0.7733
vn 0.2900 0.0193 0.9568
vn 0.2774 0.2519 -0.9271
vn -0.7726 0.0101 0.6348
vn 0.0979 0.0205 0.9950
vn 0.4629 0.1471 -0.8741
vn -0.8816 0.0061 0.4719
vn 0.6301 0.0772 -0.7726
vn -0.9568 0.0026 0.2907
vn 0.7711 0.0370 -0.6356
vn -0.9952 0.0003 0.0982
vn 0.8812 0.0152 -0.4726
vn -0.9952 0.0004 -0.0982
vn 0.9567 0.0045 -0.2910
vn -0.9567 0.0045 -0.2910
vn 0.9952 0.0004 -0.0982
vn -0.8812 0.0152 -0.4726
vn 0.9952 0.0003 0.0982
vn -0.7711 0.0370 -0.6356
vn 0.9568 0.0026 0.2907
vn -0.6301 0.0772 -0.7726
vn 0.8816 0.0061 0.4719
vn -0.4629 0.1471 -0.8741
vn 0.0977 0.0000 0.9952
vn 0.6330 0.0000 0.7742
vn 0.0977 0.0000 -0.9952
vn -0.9555 0.0822 0.2835
vn 0.7673 -0.1815 -0.6151
vn -0.9950 0.0278 0.0958
vn 0.8783 -0.1347 -0.4587
vn -0.9950 -0.0279 -0.0958
vn 0.9555 -0.0828 -0.2833
vn -0.9555 -0.0828 -0.2833
vn 0.9950 -0.0279 -0.0958
vn -0.8783 -0.1347 -0.4587
vn 0.9950 0.0278 0.0958
vn -0.7673 -0.1815 -0.6151
vn 0.9555 0.0822 0.2835
vn -0.6275 -0.2214 -0.7465
vn 0.8783 0.1329 0.4592
vn -0.4647 -0.2532 -0.8485
vn -0.0963 0.2759 0.9564
vn 0.7673 0.1781 0.6160
vn -0.2855 -0.2753 -0.9180
vn -0.2855 0.2657 0.9208
vn 0.6275 0.2161 0.7480
vn -0.0963 -0.2866 -0.9532
vn -0.4648 0.2456 0.8507
vn 0.4648 0.2456 0.8507
vn 0.0963 -0.2866 -0.9532
vn -0.6275 0.2161 0.7480
vn 0.2855 0.2657 0.9208
vn 0.2855 -0.2753 -0.9180
vn -0.7673 0.1781 0.6160
vn 0.0963 0.2759 0.9564
vn 0.4647 -0.2532 -0.8485
vn -0.8783 0.1329 0.4592
vn 0.6275 -0.2215 -0.7465
vn -0.9499 -0.2220 -0.2202
vn 0.9943 -0.0759 -0.0743
vn -0.8649 -0.3535 -0.3564
vn 0.9943 0.0763 0.0738
vn -0.7464 -0.4643 -0.4769
vn 0.9500 0.2256 0.2160
vn -0.6024 -0.5512 -0.5774
vn 0.8653 0.3634 0.3452
vn -0.4407 -0.6137 -0.6551
vn -0.0905 0.7278 0.6798
vn 0.7473 0.4832 0.4562
vn -0.2682 -0.6532 -0.7081
vn -0.2697 0.7034 0.6576
vn 0.6038 0.5808 0.5459
vn -0.0900 -0.6721 -0.7349
vn -0.4425 0.6544 0.6131
vn 0.4425 0.6544 0.6131
vn 0.0900 -0.6721 -0.7349
vn -0.6038 0.5808 0.5459
vn 0.2696 0.7034 0.6576
vn 0.2682 -0.6532 -0.7081
vn -0.7473 0.4832 0.4562
vn 0.0905 0.7278 0.6798
vn 0.4407 -0.6137 -0.6551
vn -0.8653 0.3634 0.3452
vn 0.6024 -0.5512 -0.5774
vn -0.9500 0.2256 0.2160
vn 0.7464 -0.4643 -0.4769
vn -0.9943 0.0763 0.0738
vn 0.8649 -0.3535 -0.3564
vn -0.9943 -0.0759 -0.0743
vn 0.9499 -0.2220 -0.2202
vn -0.6266 -0.7788 -0.0282
vn 0.8787 0.4760 0.0363
vn -0.4637 -0.8856 -0.0273
vn -0.0965 0.9916 0.0856
vn 0.7680 0.6385 0.0509
vn -0.2846 -0.9583 -0.0256
vn -0.2861 0.9547 0.0818
vn 0.6284 0.7753 0.0639
vn -0.0959 -0.9951 -0.0244
vn -0.4656 0.8818 0.0744
vn 0.4656 0.8818 0.0744
vn 0.0959 -0.9951 -0.0244
vn -0.6284 0.7753 0.0639
vn 0.2861 0.9547 0.0818
vn 0.2846 -0.9583 -0.0256
vn -0.7680 0.6385 0.0509
vn 0.0965 0.9916 0.0856
vn 0.4637 -0.8856 -0.0273
vn -0.8787 0.4760 0.0363
vn 0.6266 -0.7788 -0.0282
vn -0.9556 0.2940 0.0212
vn 0.7668 -0.6413 -0.0273
vn -0.9950 0.0995 0.0067
vn 0.8782 -0.4778 -0.0235
vn -0.9950 -0.0996 -0.0062
vn 0.9554 -0.2947 -0.0164
vn -0.9554 -0.2947 -0.0164
vn 0.9950 -0.0996 -0.0062
vn -0.8782 -0.4778 -0.0235
vn 0.9950 0.0995 0.0067
vn -0.7668 -0.6413 -0.0273
vn 0.9556 0.2940 0.0212
vn -0.0979 -0.0205 -0.9950
vn 0.7726 -0.0101 -0.6348
vn -0.2774 -0.2519 0.9271
vn -0.2900 -0.0193 -0.9568
vn 0.6339 -0.0139 -0.7733
vn -0.0901 -0.3507 0.9322
vn -0.4709 -0.0170 -0.8820
vn 0.4709 -0.0170 -0.8820
vn 0.0901 -0.3507 0.9322
vn -0.6339 -0.0139 -0.7733
vn 0.2900 -0.0193 -0.9568
vn 0.2774 -0.2519 0.9271
vn -0.7726 -0.0101 -0.6348
vn 0.0979 -0.0205 -0.9950
vn 0.4629 -0.1471 0.8741
vn -0.8816 -0.0061 -0.4719
vn 0.6301 -0.0772 0.7726
vn -0.9568 -0.0026 -0.2907
vn 0.7711 -0.0370 0.6356
vn -0.9952 -0.0003 -0.0982
vn 0.8812 -0.0152 0.4726
vn -0.9952 -0.0004 0.0982
vn 0.9567 -0.0045 0.2910
vn -0.9567 -0.0045 0.2910
vn 0.9952 -0.0004 0.0982
vn -0.8812 -0.0152 0.4726
vn 0.9952 -0.0003 -0.0982
vn -0.7711 -0.0370 0.6356
vn 0.9568 -0.0026 -0.2907
vn -0.6301 -0.0772 0.7726
vn 0.8816 -0.0061 -0.4719
vn -0.4629 -0.1471 0.8741
vn -0.9555 -0.0822 -0.2835
vn 0.7673 0.1815 0.6151
vn -0.9950 -0.0278 -0.0958
vn 0.8783 0.1347 0.4587
vn -0.9950 0.0279 0.0958
vn 0.9555 0.0828 0.2833
vn -0.9555 0.0828 0.2833
vn 0.9950 0.0279 0.0958
vn -0.8783 0.1347 0.4587
vn 0.9950 -0.0278 -0.0958
vn -0.7673 0.1815 0.6151
vn 0.9555 -0.0822 -0.2835
vn -0.6275 0.2215 0.7465
vn 0.8783 -0.1329 -0.4592
vn -0.4647 0.2532 0.8485
vn -0.0963 -0.2759 -0.9564
vn 0.7673 -0.1781 -0.6160
vn -0.2855 0.2753 0.9180
vn -0.2855 -0.2657 -0.9208
vn 0.6275 -0.2161 -0.7480
vn -0.0963 0.2866 0.9532
vn -0.4648 -0.2456 -0.8507
vn 0.4648 -0.2456 -0.8507
vn 0.0963 0.2866 0.9532
vn -0.6275 -0.2161 -0.7480
vn 0.2855 -0.2657 -0.9208
vn 0.2855 0.2753 0.9180
vn -0.7673 -0.1781 -0.6160
vn 0.0963 -0.2759 -0.9564
vn 0.4647 0.2532 0.8485
vn -0.8783 -0.1329 -0.4592
vn 0.6275 0.2215 0.7465
vn -0.9499 0.2220 0.2202
vn 0.9943 0.0759 0.0743
vn -0.8649 0.3535 0.3564
vn 0.9943 -0.0763 -0.0738
vn -0.7464 0.4643 0.4769
vn 0.9500 -0.2256 -0.2160
vn -0.6024 0.5512 0.5774
vn 0.8653 -0.3634 -0.3452
vn -0.4407 0.6137 0.6551
vn -0.0905 -0.7278 -0.6798
vn 0.7473 -0.4832 -0.4562
vn -0.2682 0.6532 0.7081
vn -0.2697 -0.7034 -0.6576
vn 0.6038 -0.5808 -0.5459
vn -0.0900 0.6721 0.7349
vn -0.4425 -0.6544 -0.6131
vn 0.4425 -0.6544 -0.6131
vn 0.0900 0.6721 0.7349
vn -0.6038 -0.5808 -0.5459
vn 0.2697 -0.7034 -0.6576
vn 0.2682 0.6532 0.7081
vn -0.7473 -0.4832 -0.4562
vn 0.0905 -0.7278 -0.6798
vn 0.4407 0.6137 0.6551
vn -0.8653 -0.3634 -0.3452
vn 0.6024 0.5512 0.5774
vn -0.9500 -0.2256 -0.2160
vn 0.7464 0.4643 0.4769
vn -0.9943 -0.0763 -0.0738
vn 0.8649 0.3535 0.3564
vn -0.9943 0.0759 0.0743
vn 0.9499 0.2220 0.2202
vn -0.6266 0.7788 0.0282
vn 0.8787 -0.4760 -0.0363
vn -0.4637 0.8856 0.0273
vn -0.0965 -0.9916 -0.0856
vn 0.7680 -0.6385 -0.0509
vn -0.2846 0.9583 0.0256
vn -0.2861 -0.9547 -0.0818
vn 0.6284 -0.7753 -0.0639
vn -0.0959 0.9951 0.0244
vn -0.4656 -0.8818 -0.0744
vn 0.4656 -0.8818 -0.0744
vn 0.0959 0.9951 0.0244
vn -0.6284 -0.7753 -0.0639
vn 0.2861 -0.9547 -0.0818
vn 0.2846 0.9583 0.0256
vn -0.7680 -0.6385 -0.0509
vn 0.0965 -0.9916 -0.0856
vn 0.4637 0.8856 0.0273
vn -0.8787 -0.4760 -0.0363
vn 0.6266 0.7788 0.0282
vn -0.9556 -0.2940 -0.0212
vn 0.7668 0.6413 0.0273
vn -0.9950 -0.0995 -0.0067
vn 0.8782 0.4778 0.0235
vn -0.9950 0.0996 0.0062
vn 0.9554 0.2947 0.0164
vn -0.9554 0.2947 0.0164
vn 0.9950 0.0996 0.0062
vn -0.8782 0.4778 0.0235
vn 0.9950 -0.0995 -0.0067
vn -0.7668 0.6413 0.0273
vn 0.9556 -0.2940 -0.0212
vn -0.0979 -0.0205 0.9950
vn 0.7726 -0.0101 0.6348
vn -0.2774 -0.2519 -0.9271
vn -0.2900 -0.0193 0.9568
vn 0.6339 -0.0139 0.7733
vn -0.0901 -0.3507 -0.9321
vn -0.4709 -0.0170 0.8820
vn 0.4709 -0.0170 0.8820
vn 0.0901 -0.3507 -0.9321
vn -0.6339 -0.0139 0.7733
vn 0.2900 -0.0193 0.9568
vn 0.2774 -0.2519 -0.9271
vn -0.7726 -0.0101 0.6348
vn 0.0979 -0.0205 0.9950
vn 0.4629 -0.1471 -0.8741
vn -0.8816 -0.0061 0.4719
vn 0.6301 -0.0772 -0.7726
vn -0.9568 -0.0026 0.2907
vn 0.7711 -0.0370 -0.6356
vn -0.9952 -0.0003 0.0982
vn 0.8812 -0.0152 -0.4726
vn -0.9952 -0.0004 -0.0982
vn 0.9567 -0.0045 -0.2910
vn -0.9567 -0.0045 -0.2910
vn 0.9952 -0.0004 -0.0982
vn -0.8812 -0.0152 -0.4726
vn 0.9952 -0.0003 0.0982
vn -0.7711 -0.0370 -0.6356
vn 0.9568 -0.0026 0.2907
vn -0.6301 -0.0772 -0.7726
vn 0.8816 -0.0061 0.4719
vn -0.4629 -0.1471 -0.8741
vn -0.9555 -0.0822 0.2835
vn 0.7673 0.1815 -0.6151
vn -0.9950 -0.0278 0.0958
vn 0.8783 0.1347 -0.4587
vn -0.9950 0.0279 -0.0958
vn 0.9555 0.0828 -0.2833
vn -0.9555 0.0828 -0.2833
vn 0.9950 0.0279 -0.0958
vn -0.8783 0.1347 -0.4587
vn 0.9950 -0.0278 0.0958
vn -0.7673 0.1815 -0.6151
vn 0.9555 -0.0822 0.2835
vn -0.6275 0.2214 -0.7465
vn 0.8783 -0.1329 0.4592
vn -0.4647 0.2532 -0.8485
vn -0.0963 -0.2759 0.9564
vn 0.7673 -0.1781 0.6160
vn -0.2855 0.2753 -0.9180
vn -0.2855 -0.2657 0.9208
vn 0.6275 -0.2161 0.7480
vn -0.0963 0.2866 -0.9532
vn -0.4648 -0.2456 0.8507
vn 0.4648 -0.2456 0.8507
vn 0.0963 0.2866 -0.9532
vn -0.6275 -0.2161 0.7480
vn 0.2855 -0.2657 0.9208
vn 0.2855 0.2753 -0.9180
vn -0.7673 -0.1781 0.6160
vn 0.0963 -0.2759 0.9564
vn 0.4648 0.2532 -0.8485
vn -0.8783 -0.1329 0.4592
vn 0.6275 0.2215 -0.7465
vn -0.9499 0.2220 -0.2202
vn 0.9943 0.0759 -0.0743
vn -0.8649 0.3535 -0.3564
vn 0.9943 -0.0763 0.0738
vn -0.7464 0.4643 -0.4769
vn 0.9500 -0.2256 0.2160
vn -0.6024 0.5512 -0.5774
vn 0.8653 -0.3634 0.3452
vn -0.4407 0.6137 -0.6551
vn -0.0905 -0.7278 0.6798
vn 0.7473 -0.4832 0.4562
vn -0.2682 0.6532 -0.7081
vn -0.2697 -0.7034 0.6576
vn 0.6038 -0.5808 0.5459
vn -0.0900 0.6721 -0.7349
vn -0.4425 -0.6544 0.6131
vn 0.4425 -0.6544 0.6131
vn 0.0900 0.6721 -0.7349
vn -0.6038 -0.5808 0.5459
vn 0.2696 -0.7034 0.6576
vn 0.2682 0.6532 -0.7081
vn -0.7473 -0.4832 0.4562
vn 0.0906 -0.7278 0.6798
vn 0.4407 0.6137 -0.6551
vn -0.8653 -0.3634 0.3452
vn 0.6024 0.5512 -0.5774
vn -0.9500 -0.2256 0.2160
vn 0.7464 0.4643 -0.4769
vn -0.9943 -0.0763 0.0738
vn 0.8649 0.3535 -0.3564
vn -0.9943 0.0759 -0.0743
vn 0.9499 0.2220 -0.2202
vn -0.6266 0.7788 -0.0282
vn 0.8787 -0.4760 0.0363
vn -0.4637 0.8856 -0.0273
vn -0.0965 -0.9916 0.0856
vn 0.7680 -0.6385 0.0509
vn -0.2846 0.9583 -0.0256
vn -0.2861 -0.9547 0.0818
vn 0.6284 -0.7753 0.0639
vn -0.0959 0.9951 -0.0244
vn -0.4656 -0.8818 0.0744
vn 0.4656 -0.8818 0.0744
vn 0.0959 0.9951 -0.0244
vn -0.6284 -0.7753 0.0639
vn 0.2861 -0.9547 0.0818
vn 0.2846 0.9583 -0.0256
vn -0.7680 -0.6385 0.0509
vn 0.0965 -0.9916 0.0856
vn 0.4637 0.8856 -0.0273
vn -0.8787 -0.4760 0.0363
vn 0.6266 0.7788 -0.0282
vn -0.9556 -0.2940 0.0212
vn 0.7668 0.6413 -0.0273
vn -0.9950 -0.0995 0.0067
vn 0.8782 0.4778 -0.0235
vn -0.9950 0.0996 -0.0062
vn 0.9554 0.2947 -0.0164
vn -0.9554 0.2947 -0.0164
vn 0.9950 0.0996 -0.0062
vn -0.8782 0.4778 -0.0235
vn 0.9950 -0.0995 0.0067
vn -0.7668 0.6413 -0.0273
vn 0.9556 -0.2940 0.0212
usemtl None
s off
f 423/1/1 7/2/1 6/3/1 422/4/1
f 437/5/2 21/6/2 20/7/2 436/8/2
f 424/9/3 8/10/3 7/2/3 423/1/3
f 438/11/4 22/12/4 21/6/4 437/5/4
f 425/13/5 9/14/5 8/10/5 424/9/5
f 439/15/6 23/16/6 22/12/6 438/11/6
f 426/17/7 10/18/7 9/14/7 425/13/7
f 440/19/8 24/20/8 23/16/8 439/15/8
f 427/21/9 11/22/9 10/18/9 426/17/9
f 441/23/10 25/24/10 24/20/10 440/19/10
f 428/25/11 12/26/11 11/22/11 427/21/11
f 442/27/12 26/28/12 25/24/12 441/23/12
f 429/29/13 13/30/13 12/26/13 428/25/13
f 443/31/14 27/32/14 26/28/14 442/27/14
f 430/33/15 14/34/15 13/30/15 429/29/15
f 444/35/16 28/36/16 27/32/16 443/31/16
f 431/37/17 15/38/17 14/34/17 430/33/17
f 418/39/18 2/40/18 1/41/18 417/42/18
f 445/43/19 29/44/19 28/36/19 444/35/19
f 432/45/20 16/46/20 15/38/20 431/37/20
f 419/47/21 3/48/21 2/40/21 418/39/21
f 446/49/22 30/50/22 29/44/22 445/43/22
f 433/51/23 17/52/23 16/46/23 432/45/23
f 420/53/24 4/54/24 3/48/24 419/47/24
f 447/55/25 31/56/25 30/50/25 446/49/25
f 434/57/26 18/58/26 17/52/26 433/51/26
f 421/59/27 5/60/27 4/54/27 420/53/27
f 448/61/28 32/62/28 31/56/28 447/55/28
f 435/63/29 19/64/29 18/58/29 434/57/29
f 422/4/30 6/3/30 5/60/30 421/59/30
f 417/42/31 1/41/31 32/62/31 448/61/31
f 436/8/32 20/7/32 19/64/32 435/63/32
f 2/40/33 34/65/33 33/66/33 1/41/33
f 29/44/34 61/67/34 60/68/34 28/36/34
f 16/46/35 48/69/35 47/70/35 15/38/35
f 3/48/36 35/71/36 34/65/36 2/40/36
f 30/50/37 62/72/37 61/67/37 29/44/37
f 17/52/38 49/73/38 48/69/38 16/46/38
f 4/54/39 36/74/39 35/71/39 3/48/39
f 31/56/40 63/75/40 62/72/40 30/50/40
f 18/58/41 50/76/41 49/73/41 17/52/41
f 5/60/42 37/77/42 36/74/42 4/54/42
f 32/62/43 64/78/43 63/75/43 31/56/43
f 19/64/44 51/79/44 50/76/44 18/58/44
f 6/3/45 38/80/45 37/77/45 5/60/45
f 1/41/46 33/66/46 64/78/46 32/62/46
f 20/7/47 52/81/47 51/79/47 19/64/47
f 7/2/48 39/82/48 38/80/48 6/3/48
f 21/6/49 53/83/49 52/81/49 20/7/49
f 8/10/50 40/84/50 39/82/50 7/2/50
f 22/12/51 54/85/51 53/83/51 21/6/51
f 9/14/52 41/86/52 40/84/52 8/10/52
f 23/16/53 55/87/53 54/85/53 22/12/53
f 10/18/54 42/88/54 41/86/54 9/14/54
f 24/20/55 56/89/55 55/87/55 23/16/55
f 11/22/56 43/90/56 42/88/56 10/18/56
f 25/24/57 57/91/57 56/89/57 24/20/57
f 12/26/58 44/92/58 43/90/58 11/22/58
f 26/28/59 58/93/59 57/91/59 25/24/59
f 13/30/60 45/94/60 44/92/60 12/26/60
f 27/32/61 59/95/61 58/93/61 26/28/61
f 14/34/62 46/96/62 45/94/62 13/30/62
f 28/36/63 60/68/63 59/95/63 27/32/63
f 15/38/64 47/70/64 46/96/64 14/34/64
f 37/77/65 69/97/65 68/98/65 36/74/65
f 64/78/66 96/99/66 95/100/66 63/75/66
f 51/79/67 83/101/67 82/102/67 50/76/67
f 38/80/68 70/103/68 69/97/68 37/77/68
f 33/66/69 65/104/69 96/99/69 64/78/69
f 52/81/70 84/105/70 83/101/70 51/79/70
f 39/82/71 71/106/71 70/103/71 38/80/71
f 53/83/72 85/107/72 84/105/72 52/81/72
f 40/84/73 72/108/73 71/106/73 39/82/73
f 54/85/74 86/109/74 85/107/74 53/83/74
f 41/86/75 73/110/75 72/108/75 40/84/75
f 55/87/76 87/111/76 86/109/76 54/85/76
f 42/88/77 74/112/77 73/110/77 41/86/77
f 56/89/78 88/113/78 87/111/78 55/87/78
f 43/90/79 75/114/79 74/112/79 42/88/79
f 57/91/80 89/115/80 88/113/80 56/89/80
f 44/92/81 76/116/81 75/114/81 43/90/81
f 58/93/82 90/117/82 89/115/82 57/91/82
f 45/94/83 77/118/83 76/116/83 44/92/83
f 59/95/84 91/119/84 90/117/84 58/93/84
f 46/96/85 78/120/85 77/118/85 45/94/85
f 60/68/86 92/121/86 91/119/86 59/95/86
f 47/70/87 79/122/87 78/120/87 46/96/87
f 34/65/88 66/123/88 65/104/88 33/66/88
f 61/67/89 93/124/89 92/121/89 60/68/89
f 48/69/90 80/125/90 79/122/90 47/70/90
f 35/71/91 67/126/91 66/123/91 34/65/91
f 62/72/92 94/127/92 93/124/92 61/67/92
f 49/73/93 81/128/93 80/125/93 48/69/93
f 36/74/94 68/98/94 67/126/94 35/71/94
f 63/75/95 95/100/95 94/127/95 62/72/95
f 50/76/96 82/102/96 81/128/96 49/73/96
f 72/108/97 104/129/97 103/130/97 71/106/97
f 86/109/98 118/131/98 117/132/98 85/107/98
f 73/110/99 105/133/99 104/129/99 72/108/99
f 87/111/100 119/134/100 118/131/100 86/109/100
f 74/112/101 106/135/101 105/133/101 73/110/101
f 88/113/102 120/136/102 119/134/102 87/111/102
f 75/114/103 107/137/103 106/135/103 74/112/103
f 89/115/104 121/138/104 120/136/104 88/113/104
f 76/116/105 108/139/105 107/137/105 75/114/105
f 90/117/106 122/140/106 121/138/106 89/115/106
f 77/118/107 109/141/107 108/139/107 76/116/107
f 91/119/108 123/142/108 122/140/108 90/117/108
f 78/120/109 110/143/109 109/141/109 77/118/109
f 92/121/110 124/144/110 123/142/110 91/119/110
f 79/122/111 111/145/111 110/143/111 78/120/111
f 66/123/112 98/146/112 97/147/112 65/104/112
f 93/124/113 125/148/113 124/144/113 92/121/113
f 80/125/114 112/149/114 111/145/114 79/122/114
f 67/126/115 99/150/115 98/146/115 66/123/115
f 94/127/116 126/151/116 125/148/116 93/124/116
f 81/128/117 113/152/117 112/149/117 80/125/117
f 68/98/118 100/153/118 99/150/118 67/126/118
f 95/100/119 127/154/119 126/151/119 94/127/119
f 82/102/120 114/155/120 113/152/120 81/128/120
f 69/97/121 101/156/121 100/153/121 68/98/121
f 96/99/122 128/157/122 127/154/122 95/100/122
f 83/101/123 115/158/123 114/155/123 82/102/123
f 70/103/124 102/159/124 101/156/124 69/97/124
f 65/104/125 97/147/125 128/157/125 96/99/125
f 84/105/126 116/160/126 115/158/126 83/101/126
f 71/106/127 103/130/127 102/159/127 70/103/127
f 85/107/128 117/132/128 116/160/128 84/105/128
f 107/137/129 139/161/129 138/162/129 106/135/129
f 121/138/130 153/163/130 152/164/130 120/136/130
f 108/139/131 140/165/131 139/161/131 107/137/131
f 122/140/132 154/166/132 153/163/132 121/138/132
f 109/141/133 141/167/133 140/165/133 108/139/133
f 123/142/134 155/168/134 154/166/134 122/140/134
f 110/143/135 142/169/135 141/167/135 109/141/135
f 124/144/136 156/170/136 155/168/136 123/142/136
f 111/145/137 143/171/137 142/169/137 110/143/137
f 98/146/138 130/172/138 129/173/138 97/147/138
f 125/148/139 157/174/139 156/170/139 124/144/139
f 112/149/140 144/175/140 143/171/140 111/145/140
f 99/150/141 131/176/141 130/172/141 98/146/141
f 126/151/142 158/177/142 157/174/142 125/148/142
f 113/152/143 145/178/143 144/175/143 112/149/143
f 100/153/144 132/179/144 131/176/144 99/150/144
f 127/154/145 159/180/145 158/177/145 126/151/145
f 114/155/146 146/181/146 145/178/146 113/152/146
f 101/156/147 133/182/147 132/179/147 100/153/147
f 128/157/148 160/183/148 159/180/148 127/154/148
f 115/158/149 147/184/149 146/181/149 114/155/149
f 102/159/150 134/185/150 133/182/150 101/156/150
f 97/147/151 129/173/151 160/183/151 128/157/151
f 116/160/152 148/186/152 147/184/152 115/158/152
f 103/130/153 135/187/153 134/185/153 102/159/153
f 117/132/154 149/188/154 148/186/154 116/160/154
f 104/129/155 136/189/155 135/187/155 103/130/155
f 118/131/156 150/190/156 149/188/156 117/132/156
f 105/133/157 137/191/157 136/189/157 104/129/157
f 119/134/158 151/192/158 150/190/158 118/131/158
f 106/135/159 138/162/159 137/191/159 105/133/159
f 120/136/160 152/164/160 151/192/160 119/134/160
f 142/169/161 174/193/161 173/194/161 141/167/161
f 156/170/162 188/195/162 187/196/162 155/168/162
f 143/171/163 175/197/163 174/193/163 142/169/163
f 130/172/164 162/198/164 161/199/164 129/173/164
f 157/174/165 189/200/165 188/195/165 156/170/165
f 144/175/166 176/201/166 175/197/166 143/171/166
f 131/176/167 163/202/167 162/198/167 130/172/167
f 158/177/168 190/203/168 189/200/168 157/174/168
f 145/178/169 177/204/169 176/201/169 144/175/169
f 132/179/170 164/205/170 163/202/170 131/176/170
f 159/180/171 191/206/171 190/203/171 158/177/171
f 146/181/172 178/207/172 177/204/172 145/178/172
f 133/182/173 165/208/173 164/205/173 132/179/173
f 160/183/174 192/209/174 191/206/174 159/180/174
f 147/184/175 179/210/175 178/207/175 146/181/175
f 134/185/176 166/211/176 165/208/176 133/182/176
f 129/173/177 161/199/177 192/209/177 160/183/177
f 148/186/178 180/212/178 179/210/178 147/184/178
f 135/187/179 167/213/179 166/211/179 134/185/179
f 149/188/180 181/214/180 180/212/180 148/186/180
f 136/189/181 168/215/181 167/213/181 135/187/181
f 150/190/182 182/216/182 181/214/182 149/188/182
f 137/191/183 169/217/183 168/215/183 136/189/183
f 151/192/184 183/218/184 182/216/184 150/190/184
f 138/162/185 170/219/185 169/217/185 137/191/185
f 152/164/186 184/220/186 183/218/186 151/192/186
f 139/161/187 171/221/187 170/219/187 138/162/187
f 153/163/188 185/222/188 184/220/188 152/164/188
f 140/165/189 172/223/189 171/221/189 139/161/189
f 154/166/190 186/224/190 185/222/190 153/163/190
f 141/167/191 173/194/191 172/223/191 140/165/191
f 155/168/192 187/196/192 186/224/192 154/166/192
f 189/200/193 416/225/193 413/226/193 188/195/193
f 175/197/194 414/227/194 412/228/194 174/193/194
f 188/195/195 413/226/195 411/229/195 187/196/195
f 174/193/196 412/228/196 410/230/196 173/194/196
f 187/196/197 411/229/197 409/231/197 186/224/197
f 173/194/198 410/230/198 408/232/198 172/223/198
f 186/224/199 409/231/199 407/233/199 185/222/199
f 172/223/200 408/232/200 406/234/200 171/221/200
f 185/222/201 407/233/201 405/235/201 184/220/201
f 171/221/202 406/234/202 404/236/202 170/219/202
f 184/220/203 405/235/203 403/237/203 183/218/203
f 170/219/204 404/236/204 402/238/204 169/217/204
f 183/218/205 403/237/205 401/239/205 182/216/205
f 169/217/206 402/238/206 400/240/206 168/215/206
f 182/216/207 401/239/207 399/241/207 181/214/207
f 168/215/208 400/240/208 398/242/208 167/213/208
f 181/214/209 399/241/209 397/243/209 180/212/209
f 162/198/210 415/244/210 396/245/210 161/199/210
f 167/213/211 398/242/211 395/246/211 166/211/211
f 180/212/212 397/243/212 394/247/212 179/210/212
f 161/199/213 396/245/213 393/248/213 192/209/213
f 166/211/214 395/246/214 392/249/214 165/208/214
f 179/210/215 394/247/215 391/250/215 178/207/215
f 192/209/216 393/248/216 390/251/216 191/206/216
f 191/206/217 390/251/217 389/252/217 190/203/217
f 190/203/218 389/252/218 416/225/218 189/200/218
f 165/208/219 392/249/219 388/253/219 164/205/219
f 164/205/220 388/253/220 387/254/220 163/202/220
f 163/202/221 387/254/221 415/244/221 162/198/221
f 178/207/222 391/250/222 386/255/222 177/204/222
f 177/204/223 386/255/223 385/256/223 176/201/223
f 176/201/224 385/256/224 414/227/224 175/197/224
f 647/257/11 646/258/11 198/259/11 199/260/11
f 661/261/22 660/262/22 212/263/22 213/264/22
f 648/265/9 647/257/9 199/260/9 200/266/9
f 662/267/19 661/261/19 213/264/19 214/268/19
f 649/269/7 648/265/7 200/266/7 201/270/7
f 663/271/16 662/267/16 214/268/16 215/272/16
f 650/273/5 649/269/5 201/270/5 202/274/5
f 664/275/14 663/271/14 215/272/14 216/276/14
f 651/277/3 650/273/3 202/274/3 203/278/3
f 665/279/12 664/275/12 216/276/12 217/280/12
f 652/281/1 651/277/1 203/278/1 204/282/1
f 666/283/10 665/279/10 217/280/10 218/284/10
f 653/285/30 652/281/30 204/282/30 205/286/30
f 667/287/8 666/283/8 218/284/8 219/288/8
f 654/289/27 653/285/27 205/286/27 206/290/27
f 668/291/6 667/287/6 219/288/6 220/292/6
f 655/293/24 654/289/24 206/290/24 207/294/24
f 642/295/23 641/296/23 193/297/23 194/298/23
f 669/299/4 668/291/4 220/292/4 221/300/4
f 656/301/21 655/293/21 207/294/21 208/302/21
f 643/303/20 642/295/20 194/298/20 195/304/20
f 670/305/2 669/299/2 221/300/2 222/306/2
f 657/307/18 656/301/18 208/302/18 209/308/18
f 644/309/17 643/303/17 195/304/17 196/310/17
f 671/311/32 670/305/32 222/306/32 223/312/32
f 658/313/31 657/307/31 209/308/31 210/314/31
f 645/315/15 644/309/15 196/310/15 197/316/15
f 672/317/29 671/311/29 223/312/29 224/318/29
f 659/319/28 658/313/28 210/314/28 211/320/28
f 646/258/13 645/315/13 197/316/13 198/259/13
f 641/296/26 672/317/26 224/318/26 193/297/26
f 660/262/25 659/319/25 211/320/25 212/263/25
f 194/298/225 193/297/225 225/321/225 226/322/225
f 221/300/226 220/292/226 252/323/226 253/324/226
f 208/302/227 207/294/227 239/325/227 240/326/227
f 195/304/228 194/298/228 226/322/228 227/327/228
f 222/306/229 221/300/229 253/324/229 254/328/229
f 209/308/230 208/302/230 240/326/230 241/329/230
f 196/310/231 195/304/231 227/327/231 228/330/231
f 223/312/232 222/306/232 254/328/232 255/331/232
f 210/314/233 209/308/233 241/329/233 242/332/233
f 197/316/234 196/310/234 228/330/234 229/333/234
f 224/318/235 223/312/235 255/331/235 256/334/235
f 211/320/236 210/314/236 242/332/236 243/335/236
f 198/259/237 197/316/237 229/333/237 230/336/237
f 193/297/238 224/318/238 256/334/238 225/321/238
f 212/263/239 211/320/239 243/335/239 244/337/239
f 199/260/240 198/259/240 230/336/240 231/338/240
f 213/264/241 212/263/241 244/337/241 245/339/241
f 200/266/242 199/260/242 231/338/242 232/340/242
f 214/268/243 213/264/243 245/339/243 246/341/243
f 201/270/244 200/266/244 232/340/244 233/342/244
f 215/272/245 214/268/245 246/341/245 247/343/245
f 202/274/246 201/270/246 233/342/246 234/344/246
f 216/276/247 215/272/247 247/343/247 248/345/247
f 203/278/248 202/274/248 234/344/248 235/346/248
f 217/280/249 216/276/249 248/345/249 249/347/249
f 204/282/250 203/278/250 235/346/250 236/348/250
f 218/284/251 217/280/251 249/347/251 250/349/251
f 205/286/252 204/282/252 236/348/252 237/350/252
f 219/288/253 218/284/253 250/349/253 251/351/253
f 206/290/254 205/286/254 237/350/254 238/352/254
f 220/292/255 219/288/255 251/351/255 252/323/255
f 207/294/256 206/290/256 238/352/256 239/325/256
f 229/333/85 228/330/85 260/353/85 261/354/85
f 256/334/67 255/331/67 287/355/67 288/356/67
f 243/335/66 242/332/66 274/357/66 275/358/66
f 230/336/83 229/333/83 261/354/83 262/359/83
f 225/321/257 256/334/257 288/356/257 257/360/257
f 244/337/95 243/335/95 275/358/95 276/361/95
f 231/338/81 230/336/81 262/359/81 263/362/81
f 245/339/92 244/337/92 276/361/92 277/363/92
f 232/340/79 231/338/79 263/362/79 264/364/79
f 246/341/89 245/339/89 277/363/89 278/365/89
f 233/342/77 232/340/77 264/364/77 265/366/77
f 247/343/86 246/341/86 278/365/86 279/367/86
f 234/344/75 233/342/75 265/366/75 266/368/75
f 248/345/84 247/343/84 279/367/84 280/369/84
f 235/346/73 234/344/73 266/368/73 267/370/73
f 249/347/82 248/345/82 280/369/82 281/371/82
f 236/348/71 235/346/71 267/370/71 268/372/71
f 250/349/80 249/347/80 281/371/80 282/373/80
f 237/350/68 236/348/68 268/372/68 269/374/68
f 251/351/78 250/349/78 282/373/78 283/375/78
f 238/352/65 237/350/65 269/374/65 270/376/65
f 252/323/76 251/351/76 283/375/76 284/377/76
f 239/325/94 238/352/94 270/376/94 271/378/94
f 226/322/93 225/321/93 257/360/93 258/379/93
f 253/324/74 252/323/74 284/377/74 285/380/74
f 240/326/91 239/325/91 271/378/91 272/381/91
f 227/327/90 226/322/90 258/379/90 259/382/90
f 254/328/258 253/324/258 285/380/258 286/383/258
f 241/329/88 240/326/88 272/381/88 273/384/88
f 228/330/87 227/327/87 259/382/87 260/353/87
f 255/331/70 254/328/70 286/383/70 287/355/70
f 242/332/259 241/329/259 273/384/259 274/357/259
f 264/364/260 263/362/260 295/385/260 296/386/260
f 278/365/261 277/363/261 309/387/261 310/388/261
f 265/366/262 264/364/262 296/386/262 297/389/262
f 279/367/263 278/365/263 310/388/263 311/390/263
f 266/368/264 265/366/264 297/389/264 298/391/264
f 280/369/265 279/367/265 311/390/265 312/392/265
f 267/370/266 266/368/266 298/391/266 299/393/266
f 281/371/267 280/369/267 312/392/267 313/394/267
f 268/372/268 267/370/268 299/393/268 300/395/268
f 282/373/269 281/371/269 313/394/269 314/396/269
f 269/374/270 268/372/270 300/395/270 301/397/270
f 283/375/271 282/373/271 314/396/271 315/398/271
f 270/376/272 269/374/272 301/397/272 302/399/272
f 284/377/273 283/375/273 315/398/273 316/400/273
f 271/378/274 270/376/274 302/399/274 303/401/274
f 258/379/275 257/360/275 289/402/275 290/403/275
f 285/380/276 284/377/276 316/400/276 317/404/276
f 272/381/277 271/378/277 303/401/277 304/405/277
f 259/382/278 258/379/278 290/403/278 291/406/278
f 286/383/279 285/380/279 317/404/279 318/407/279
f 273/384/280 272/381/280 304/405/280 305/408/280
f 260/353/281 259/382/281 291/406/281 292/409/281
f 287/355/282 286/383/282 318/407/282 319/410/282
f 274/357/283 273/384/283 305/408/283 306/411/283
f 261/354/284 260/353/284 292/409/284 293/412/284
f 288/356/285 287/355/285 319/410/285 320/413/285
f 275/358/286 274/357/286 306/411/286 307/414/286
f 262/359/287 261/354/287 293/412/287 294/415/287
f 257/360/288 288/356/288 320/413/288 289/402/288
f 276/361/289 275/358/289 307/414/289 308/416/289
f 263/362/290 262/359/290 294/415/290 295/385/290
f 277/363/291 276/361/291 308/416/291 309/387/291
f 299/393/292 298/391/292 330/417/292 331/418/292
f 313/394/293 312/392/293 344/419/293 345/420/293
f 300/395/294 299/393/294 331/418/294 332/421/294
f 314/396/295 313/394/295 345/420/295 346/422/295
f 301/397/296 300/395/296 332/421/296 333/423/296
f 315/398/297 314/396/297 346/422/297 347/424/297
f 302/399/298 301/397/298 333/423/298 334/425/298
f 316/400/299 315/398/299 347/424/299 348/426/299
f 303/401/300 302/399/300 334/425/300 335/427/300
f 290/403/301 289/402/301 321/428/301 322/429/301
f 317/404/302 316/400/302 348/426/302 349/430/302
f 304/405/303 303/401/303 335/427/303 336/431/303
f 291/406/304 290/403/304 322/429/304 323/432/304
f 318/407/305 317/404/305 349/430/305 350/433/305
f 305/408/306 304/405/306 336/431/306 337/434/306
f 292/409/307 291/406/307 323/432/307 324/435/307
f 319/410/308 318/407/308 350/433/308 351/436/308
f 306/411/309 305/408/309 337/434/309 338/437/309
f 293/412/310 292/409/310 324/435/310 325/438/310
f 320/413/311 319/410/311 351/436/311 352/439/311
f 307/414/312 306/411/312 338/437/312 339/440/312
f 294/415/313 293/412/313 325/438/313 326/441/313
f 289/402/314 320/413/314 352/439/314 321/428/314
f 308/416/315 307/414/315 339/440/315 340/442/315
f 295/385/316 294/415/316 326/441/316 327/443/316
f 309/387/317 308/416/317 340/442/317 341/444/317
f 296/386/318 295/385/318 327/443/318 328/445/318
f 310/388/319 309/387/319 341/444/319 342/446/319
f 297/389/320 296/386/320 328/445/320 329/447/320
f 311/390/321 310/388/321 342/446/321 343/448/321
f 298/391/322 297/389/322 329/447/322 330/417/322
f 312/392/323 311/390/323 343/448/323 344/419/323
f 334/425/324 333/423/324 365/449/324 366/450/324
f 348/426/325 347/424/325 379/451/325 380/452/325
f 335/427/326 334/425/326 366/450/326 367/453/326
f 322/429/327 321/428/327 353/454/327 354/455/327
f 349/430/328 348/426/328 380/452/328 381/456/328
f 336/431/329 335/427/329 367/453/329 368/457/329
f 323/432/330 322/429/330 354/455/330 355/458/330
f 350/433/331 349/430/331 381/456/331 382/459/331
f 337/434/332 336/431/332 368/457/332 369/460/332
f 324/435/333 323/432/333 355/458/333 356/461/333
f 351/436/334 350/433/334 382/459/334 383/462/334
f 338/437/335 337/434/335 369/460/335 370/463/335
f 325/438/336 324/435/336 356/461/336 357/464/336
f 352/439/337 351/436/337 383/462/337 384/465/337
f 339/440/338 338/437/338 370/463/338 371/466/338
f 326/441/339 325/438/339 357/464/339 358/467/339
f 321/428/340 352/439/340 384/465/340 353/454/340
f 340/442/341 339/440/341 371/466/341 372/468/341
f 327/443/342 326/441/342 358/467/342 359/469/342
f 341/444/343 340/442/343 372/468/343 373/470/343
f 328/445/344 327/443/344 359/469/344 360/471/344
f 342/446/345 341/444/345 373/470/345 374/472/345
f 329/447/346 328/445/346 360/471/346 361/473/346
f 343/448/347 342/446/347 374/472/347 375/474/347
f 330/417/348 329/447/348 361/473/348 362/475/348
f 344/419/349 343/448/349 375/474/349 376/476/349
f 331/418/350 330/417/350 362/475/350 363/477/350
f 345/420/351 344/419/351 376/476/351 377/478/351
f 332/421/352 331/418/352 363/477/352 364/479/352
f 346/422/353 345/420/353 377/478/353 378/480/353
f 333/423/354 332/421/354 364/479/354 365/449/354
f 347/424/355 346/422/355 378/480/355 379/451/355
f 381/456/193 380/452/193 413/226/193 416/225/193
f 367/453/194 366/450/194 412/228/194 414/227/194
f 380/452/195 379/451/195 411/229/195 413/226/195
f 366/450/196 365/449/196 410/230/196 412/228/196
f 379/451/197 378/480/197 409/231/197 411/229/197
f 365/449/198 364/479/198 408/232/198 410/230/198
f 378/480/199 377/478/199 407/233/199 409/231/199
f 364/479/200 363/477/200 406/234/200 408/232/200
f 377/478/201 376/476/201 405/235/201 407/233/201
f 363/477/202 362/475/202 404/236/202 406/234/202
f 376/476/203 375/474/203 403/237/203 405/235/203
f 362/475/204 361/473/204 402/238/204 404/236/204
f 375/474/205 374/472/205 401/239/205 403/237/205
f 361/473/206 360/471/206 400/240/206 402/238/206
f 374/472/207 373/470/207 399/241/207 401/239/207
f 360/471/208 359/469/208 398/242/208 400/240/208
f 373/470/209 372/468/209 397/243/209 399/241/209
f 354/455/210 353/454/210 396/245/210 415/244/210
f 359/469/211 358/467/211 395/246/211 398/242/211
f 372/468/212 371/466/212 394/247/212 397/243/212
f 353/454/213 384/465/213 393/248/213 396/245/213
f 358/467/214 357/464/214 392/249/214 395/246/214
f 371/466/215 370/463/215 391/250/215 394/247/215
f 384/465/216 383/462/216 390/251/216 393/248/216
f 383/462/217 382/459/217 389/252/217 390/251/217
f 382/459/218 381/456/218 416/225/218 389/252/218
f 357/464/219 356/461/219 388/253/219 392/249/219
f 356/461/220 355/458/220 387/254/220 388/253/220
f 355/458/221 354/455/221 415/244/221 387/254/221
f 370/463/222 369/460/222 386/255/222 391/250/222
f 369/460/223 368/457/223 385/256/223 386/255/223
f 368/457/224 367/453/224 414/227/224 385/256/224
f 423/1/1 422/4/1 454/481/1 455/482/1
f 437/5/2 436/8/2 468/483/2 469/484/2
f 424/9/3 423/1/3 455/482/3 456/485/3
f 438/11/4 437/5/4 469/484/4 470/486/4
f 425/13/5 424/9/5 456/485/5 457/487/5
f 439/15/6 438/11/6 470/486/6 471/488/6
f 426/17/7 425/13/7 457/487/7 458/489/7
f 440/19/8 439/15/8 471/488/8 472/490/8
f 427/21/9 426/17/9 458/489/9 459/491/9
f 441/23/10 440/19/10 472/490/10 473/492/10
f 428/25/11 427/21/11 459/491/11 460/493/11
f 442/27/12 441/23/12 473/492/12 474/494/12
f 429/29/13 428/25/13 460/493/13 461/495/13
f 443/31/14 442/27/14 474/494/14 475/496/14
f 430/33/15 429/29/15 461/495/15 462/497/15
f 444/35/16 443/31/16 475/496/16 476/498/16
f 431/37/17 430/33/17 462/497/17 463/499/17
f 418/39/18 417/42/18 449/500/18 450/501/18
f 445/43/19 444/35/19 476/498/19 477/502/19
f 432/45/20 431/37/20 463/499/20 464/503/20
f 419/47/21 418/39/21 450/501/21 451/504/21
f 446/49/22 445/43/22 477/502/22 478/505/22
f 433/51/23 432/45/23 464/503/23 465/506/23
f 420/53/24 419/47/24 451/504/24 452/507/24
f 447/55/25 446/49/25 478/505/25 479/508/25
f 434/57/26 433/51/26 465/506/26 466/509/26
f 421/59/27 420/53/27 452/507/27 453/510/27
f 448/61/28 447/55/28 479/508/28 480/511/28
f 435/63/29 434/57/29 466/509/29 467/512/29
f 422/4/30 421/59/30 453/510/30 454/481/30
f 417/42/31 448/61/31 480/511/31 449/500/31
f 436/8/32 435/63/32 467/512/32 468/483/32
f 450/501/356 449/500/356 481/513/356 482/514/356
f 477/502/357 476/498/357 508/515/357 509/516/357
f 464/503/358 463/499/358 495/517/358 496/518/358
f 451/504/359 450/501/359 482/514/359 483/519/359
f 478/505/360 477/502/360 509/516/360 510/520/360
f 465/506/361 464/503/361 496/518/361 497/521/361
f 452/507/362 451/504/362 483/519/362 484/522/362
f 479/508/363 478/505/363 510/520/363 511/523/363
f 466/509/364 465/506/364 497/521/364 498/524/364
f 453/510/365 452/507/365 484/522/365 485/525/365
f 480/511/366 479/508/366 511/523/366 512/526/366
f 467/512/367 466/509/367 498/524/367 499/527/367
f 454/481/368 453/510/368 485/525/368 486/528/368
f 449/500/369 480/511/369 512/526/369 481/513/369
f 468/483/370 467/512/370 499/527/370 500/529/370
f 455/482/371 454/481/371 486/528/371 487/530/371
f 469/484/372 468/483/372 500/529/372 501/531/372
f 456/485/373 455/482/373 487/530/373 488/532/373
f 470/486/374 469/484/374 501/531/374 502/533/374
f 457/487/375 456/485/375 488/532/375 489/534/375
f 471/488/376 470/486/376 502/533/376 503/535/376
f 458/489/377 457/487/377 489/534/377 490/536/377
f 472/490/378 471/488/378 503/535/378 504/537/378
f 459/491/379 458/489/379 490/536/379 491/538/379
f 473/492/380 472/490/380 504/537/380 505/539/380
f 460/493/381 459/491/381 491/538/381 492/540/381
f 474/494/382 473/492/382 505/539/382 506/541/382
f 461/495/383 460/493/383 492/540/383 493/542/383
f 475/496/384 474/494/384 506/541/384 507/543/384
f 462/497/385 461/495/385 493/542/385 494/544/385
f 476/498/386 475/496/386 507/543/386 508/515/386
f 463/499/387 462/497/387 494/544/387 495/517/387
f 485/525/65 484/522/65 516/545/65 517/546/65
f 512/526/66 511/523/66 543/547/66 544/548/66
f 499/527/67 498/524/67 530/549/67 531/550/67
f 486/528/68 485/525/68 517/546/68 518/551/68
f 481/513/69 512/526/69 544/548/69 513/552/69
f 500/529/70 499/527/70 531/550/70 532/553/70
f 487/530/71 486/528/71 518/551/71 519/554/71
f 501/531/72 500/529/72 532/553/72 533/555/72
f 488/532/73 487/530/73 519/554/73 520/556/73
f 502/533/74 501/531/74 533/555/74 534/557/74
f 489/534/75 488/532/75 520/556/75 521/558/75
f 503/535/76 502/533/76 534/557/76 535/559/76
f 490/536/77 489/534/77 521/558/77 522/560/77
f 504/537/78 503/535/78 535/559/78 536/561/78
f 491/538/79 490/536/79 522/560/79 523/562/79
f 505/539/80 504/537/80 536/561/80 537/563/80
f 492/540/81 491/538/81 523/562/81 524/564/81
f 506/541/82 505/539/82 537/563/82 538/565/82
f 493/542/83 492/540/83 524/564/83 525/566/83
f 507/543/84 506/541/84 538/565/84 539/567/84
f 494/544/85 493/542/85 525/566/85 526/568/85
f 508/515/86 507/543/86 539/567/86 540/569/86
f 495/517/87 494/544/87 526/568/87 527/570/87
f 482/514/88 481/513/88 513/552/88 514/571/88
f 509/516/89 508/515/89 540/569/89 541/572/89
f 496/518/90 495/517/90 527/570/90 528/573/90
f 483/519/91 482/514/91 514/571/91 515/574/91
f 510/520/92 509/516/92 541/572/92 542/575/92
f 497/521/93 496/518/93 528/573/93 529/576/93
f 484/522/94 483/519/94 515/574/94 516/545/94
f 511/523/95 510/520/95 542/575/95 543/547/95
f 498/524/96 497/521/96 529/576/96 530/549/96
f 520/556/388 519/554/388 551/577/388 552/578/388
f 534/557/389 533/555/389 565/579/389 566/580/389
f 521/558/390 520/556/390 552/578/390 553/581/390
f 535/559/391 534/557/391 566/580/391 567/582/391
f 522/560/392 521/558/392 553/581/392 554/583/392
f 536/561/393 535/559/393 567/582/393 568/584/393
f 523/562/394 522/560/394 554/583/394 555/585/394
f 537/563/395 536/561/395 568/584/395 569/586/395
f 524/564/396 523/562/396 555/585/396 556/587/396
f 538/565/397 537/563/397 569/586/397 570/588/397
f 525/566/398 524/564/398 556/587/398 557/589/398
f 539/567/399 538/565/399 570/588/399 571/590/399
f 526/568/400 525/566/400 557/589/400 558/591/400
f 540/569/401 539/567/401 571/590/401 572/592/401
f 527/570/402 526/568/402 558/591/402 559/593/402
f 514/571/403 513/552/403 545/594/403 546/595/403
f 541/572/404 540/569/404 572/592/404 573/596/404
f 528/573/405 527/570/405 559/593/405 560/597/405
f 515/574/406 514/571/406 546/595/406 547/598/406
f 542/575/407 541/572/407 573/596/407 574/599/407
f 529/576/408 528/573/408 560/597/408 561/600/408
f 516/545/409 515/574/409 547/598/409 548/601/409
f 543/547/410 542/575/410 574/599/410 575/602/410
f 530/549/411 529/576/411 561/600/411 562/603/411
f 517/546/412 516/545/412 548/601/412 549/604/412
f 544/548/413 543/547/413 575/602/413 576/605/413
f 531/550/414 530/549/414 562/603/414 563/606/414
f 518/551/415 517/546/415 549/604/415 550/607/415
f 513/552/416 544/548/416 576/605/416 545/594/416
f 532/553/417 531/550/417 563/606/417 564/608/417
f 519/554/418 518/551/418 550/607/418 551/577/418
f 533/555/419 532/553/419 564/608/419 565/579/419
f 555/585/420 554/583/420 586/609/420 587/610/420
f 569/586/421 568/584/421 600/611/421 601/612/421
f 556/587/422 555/585/422 587/610/422 588/613/422
f 570/588/423 569/586/423 601/612/423 602/614/423
f 557/589/424 556/587/424 588/613/424 589/615/424
f 571/590/425 570/588/425 602/614/425 603/616/425
f 558/591/426 557/589/426 589/615/426 590/617/426
f 572/592/427 571/590/427 603/616/427 604/618/427
f 559/593/428 558/591/428 590/617/428 591/619/428
f 546/595/429 545/594/429 577/620/429 578/621/429
f 573/596/430 572/592/430 604/618/430 605/622/430
f 560/597/431 559/593/431 591/619/431 592/623/431
f 547/598/432 546/595/432 578/621/432 579/624/432
f 574/599/433 573/596/433 605/622/433 606/625/433
f 561/600/434 560/597/434 592/623/434 593/626/434
f 548/601/435 547/598/435 579/624/435 580/627/435
f 575/602/436 574/599/436 606/625/436 607/628/436
f 562/603/437 561/600/437 593/626/437 594/629/437
f 549/604/438 548/601/438 580/627/438 581/630/438
f 576/605/439 575/602/439 607/628/439 608/631/439
f 563/606/440 562/603/440 594/629/440 595/632/440
f 550/607/441 549/604/441 581/630/441 582/633/441
f 545/594/442 576/605/442 608/631/442 577/620/442
f 564/608/443 563/606/443 595/632/443 596/634/443
f 551/577/444 550/607/444 582/633/444 583/635/444
f 565/579/445 564/608/445 596/634/445 597/636/445
f 552/578/446 551/577/446 583/635/446 584/637/446
f 566/580/447 565/579/447 597/636/447 598/638/447
f 553/581/448 552/578/448 584/637/448 585/639/448
f 567/582/449 566/580/449 598/638/449 599/640/449
f 554/583/450 553/581/450 585/639/450 586/609/450
f 568/584/451 567/582/451 599/640/451 600/611/451
f 590/617/452 589/615/452 621/641/452 622/642/452
f 604/618/453 603/616/453 635/643/453 636/644/453
f 591/619/454 590/617/454 622/642/454 623/645/454
f 578/621/455 577/620/455 609/646/455 610/647/455
f 605/622/456 604/618/456 636/644/456 637/648/456
f 592/623/457 591/619/457 623/645/457 624/649/457
f 579/624/458 578/621/458 610/647/458 611/650/458
f 606/625/459 605/622/459 637/648/459 638/651/459
f 593/626/460 592/623/460 624/649/460 625/652/460
f 580/627/461 579/624/461 611/650/461 612/653/461
f 607/628/462 606/625/462 638/651/462 639/654/462
f 594/629/463 593/626/463 625/652/463 626/655/463
f 581/630/464 580/627/464 612/653/464 613/656/464
f 608/631/465 607/628/465 639/654/465 640/657/465
f 595/632/466 594/629/466 626/655/466 627/658/466
f 582/633/467 581/630/467 613/656/467 614/659/467
f 577/620/468 608/631/468 640/657/468 609/646/468
f 596/634/469 595/632/469 627/658/469 628/660/469
f 583/635/470 582/633/470 614/659/470 615/661/470
f 597/636/471 596/634/471 628/660/471 629/662/471
f 584/637/472 583/635/472 615/661/472 616/663/472
f 598/638/473 597/636/473 629/662/473 630/664/473
f 585/639/474 584/637/474 616/663/474 617/665/474
f 599/640/475 598/638/475 630/664/475 631/666/475
f 586/609/476 585/639/476 617/665/476 618/667/476
f 600/611/477 599/640/477 631/666/477 632/668/477
f 587/610/478 586/609/478 618/667/478 619/669/478
f 601/612/479 600/611/479 632/668/479 633/670/479
f 588/613/480 587/610/480 619/669/480 620/671/480
f 602/614/481 601/612/481 633/670/481 634/672/481
f 589/615/482 588/613/482 620/671/482 621/641/482
f 603/616/483 602/614/483 634/672/483 635/643/483
f 637/648/207 636/644/207 893/673/207 896/674/207
f 623/645/220 622/642/220 892/675/220 894/676/220
f 636/644/205 635/643/205 891/677/205 893/673/205
f 622/642/219 621/641/219 890/678/219 892/675/219
f 635/643/203 634/672/203 889/679/203 891/677/203
f 621/641/214 620/671/214 888/680/214 890/678/214
f 634/672/201 633/670/201 887/681/201 889/679/201
f 620/671/211 619/669/211 886/682/211 888/680/211
f 633/670/199 632/668/199 885/683/199 887/681/199
f 619/669/208 618/667/208 884/684/208 886/682/208
f 632/668/197 631/666/197 883/685/197 885/683/197
f 618/667/206 617/665/206 882/686/206 884/684/206
f 631/666/195 630/664/195 881/687/195 883/685/195
f 617/665/204 616/663/204 880/688/204 882/686/204
f 630/664/193 629/662/193 879/689/193 881/687/193
f 616/663/202 615/661/202 878/690/202 880/688/202
f 629/662/218 628/660/218 877/691/218 879/689/218
f 610/647/223 609/646/223 876/692/223 895/693/223
f 615/661/200 614/659/200 875/694/200 878/690/200
f 628/660/217 627/658/217 874/695/217 877/691/217
f 609/646/222 640/657/222 873/696/222 876/692/222
f 614/659/198 613/656/198 872/697/198 875/694/198
f 627/658/216 626/655/216 871/698/216 874/695/216
f 640/657/215 639/654/215 870/699/215 873/696/215
f 639/654/212 638/651/212 869/700/212 870/699/212
f 638/651/209 637/648/209 896/674/209 869/700/209
f 613/656/196 612/653/196 868/701/196 872/697/196
f 612/653/194 611/650/194 867/702/194 868/701/194
f 611/650/224 610/647/224 895/693/224 867/702/224
f 626/655/213 625/652/213 866/703/213 871/698/213
f 625/652/210 624/649/210 865/704/210 866/703/210
f 624/649/221 623/645/221 894/676/221 865/704/221
f 647/257/11 679/705/11 678/706/11 646/258/11
f 661/261/22 693/707/22 692/708/22 660/262/22
f 648/265/9 680/709/9 679/705/9 647/257/9
f 662/267/19 694/710/19 693/707/19 661/261/19
f 649/269/7 681/711/7 680/709/7 648/265/7
f 663/271/16 695/712/16 694/710/16 662/267/16
f 650/273/5 682/713/5 681/711/5 649/269/5
f 664/275/14 696/714/14 695/712/14 663/271/14
f 651/277/3 683/715/3 682/713/3 650/273/3
f 665/279/12 697/716/12 696/714/12 664/275/12
f 652/281/1 684/717/1 683/715/1 651/277/1
f 666/283/10 698/718/10 697/716/10 665/279/10
f 653/285/30 685/719/30 684/717/30 652/281/30
f 667/287/8 699/720/8 698/718/8 666/283/8
f 654/289/27 686/721/27 685/719/27 653/285/27
f 668/291/6 700/722/6 699/720/6 667/287/6
f 655/293/24 687/723/24 686/721/24 654/289/24
f 642/295/23 674/724/23 673/725/23 641/296/23
f 669/299/4 701/726/4 700/722/4 668/291/4
f 656/301/21 688/727/21 687/723/21 655/293/21
f 643/303/20 675/728/20 674/724/20 642/295/20
f 670/305/2 702/729/2 701/726/2 669/299/2
f 657/307/18 689/730/18 688/727/18 656/301/18
f 644/309/17 676/731/17 675/728/17 643/303/17
f 671/311/32 703/732/32 702/729/32 670/305/32
f 658/313/31 690/733/31 689/730/31 657/307/31
f 645/315/15 677/734/15 676/731/15 644/309/15
f 672/317/29 704/735/29 703/732/29 671/311/29
f 659/319/28 691/736/28 690/733/28 658/313/28
f 646/258/13 678/706/13 677/734/13 645/315/13
f 641/296/26 673/725/26 704/735/26 672/317/26
f 660/262/25 692/708/25 691/736/25 659/319/25
f 674/724/484 706/737/484 705/738/484 673/725/484
f 701/726/485 733/739/485 732/740/485 700/722/485
f 688/727/486 720/741/486 719/742/486 687/723/486
f 675/728/487 707/743/487 706/737/487 674/724/487
f 702/729/488 734/744/488 733/739/488 701/726/488
f 689/730/489 721/745/489 720/741/489 688/727/489
f 676/731/490 708/746/490 707/743/490 675/728/490
f 703/732/491 735/747/491 734/744/491 702/729/491
f 690/733/492 722/748/492 721/745/492 689/730/492
f 677/734/493 709/749/493 708/746/493 676/731/493
f 704/735/494 736/750/494 735/747/494 703/732/494
f 691/736/495 723/751/495 722/748/495 690/733/495
f 678/706/496 710/752/496 709/749/496 677/734/496
f 673/725/497 705/738/497 736/750/497 704/735/497
f 692/708/498 724/753/498 723/751/498 691/736/498
f 679/705/499 711/754/499 710/752/499 678/706/499
f 693/707/500 725/755/500 724/753/500 692/708/500
f 680/709/501 712/756/501 711/754/501 679/705/501
f 694/710/502 726/757/502 725/755/502 693/707/502
f 681/711/503 713/758/503 712/756/503 680/709/503
f 695/712/504 727/759/504 726/757/504 694/710/504
f 682/713/505 714/760/505 713/758/505 681/711/505
f 696/714/506 728/761/506 727/759/506 695/712/506
f 683/715/507 715/762/507 714/760/507 682/713/507
f 697/716/508 729/763/508 728/761/508 696/714/508
f 684/717/509 716/764/509 715/762/509 683/715/509
f 698/718/510 730/765/510 729/763/510 697/716/510
f 685/719/511 717/766/511 716/764/511 684/717/511
f 699/720/512 731/767/512 730/765/512 698/718/512
f 686/721/513 718/768/513 717/766/513 685/719/513
f 700/722/514 732/740/514 731/767/514 699/720/514
f 687/723/515 719/742/515 718/768/515 686/721/515
f 709/749/85 741/769/85 740/770/85 708/746/85
f 736/750/67 768/771/67 767/772/67 735/747/67
f 723/751/66 755/773/66 754/774/66 722/748/66
f 710/752/83 742/775/83 741/769/83 709/749/83
f 705/738/96 737/776/96 768/771/96 736/750/96
f 724/753/95 756/777/95 755/773/95 723/751/95
f 711/754/81 743/778/81 742/775/81 710/752/81
f 725/755/92 757/779/92 756/777/92 724/753/92
f 712/756/79 744/780/79 743/778/79 711/754/79
f 726/757/89 758/781/89 757/779/89 725/755/89
f 713/758/77 745/782/77 744/780/77 712/756/77
f 727/759/86 759/783/86 758/781/86 726/757/86
f 714/760/75 746/784/75 745/782/75 713/758/75
f 728/761/84 760/785/84 759/783/84 727/759/84
f 715/762/73 747/786/73 746/784/73 714/760/73
f 729/763/82 761/787/82 760/785/82 728/761/82
f 716/764/71 748/788/71 747/786/71 715/762/71
f 730/765/80 762/789/80 761/787/80 729/763/80
f 717/766/68 749/790/68 748/788/68 716/764/68
f 731/767/78 763/791/78 762/789/78 730/765/78
f 718/768/65 750/792/65 749/790/65 717/766/65
f 732/740/76 764/793/76 763/791/76 731/767/76
f 719/742/94 751/794/94 750/792/94 718/768/94
f 706/737/93 738/795/93 737/776/93 705/738/93
f 733/739/74 765/796/74 764/793/74 732/740/74
f 720/741/91 752/797/91 751/794/91 719/742/91
f 707/743/90 739/798/90 738/795/90 706/737/90
f 734/744/258 766/799/258 765/796/258 733/739/258
f 721/745/88 753/800/88 752/797/88 720/741/88
f 708/746/87 740/770/87 739/798/87 707/743/87
f 735/747/70 767/772/70 766/799/70 734/744/70
f 722/748/259 754/774/259 753/800/259 721/745/259
f 744/780/516 776/801/516 775/802/516 743/778/516
f 758/781/517 790/803/517 789/804/517 757/779/517
f 745/782/518 777/805/518 776/801/518 744/780/518
f 759/783/519 791/806/519 790/803/519 758/781/519
f 746/784/520 778/807/520 777/805/520 745/782/520
f 760/785/521 792/808/521 791/806/521 759/783/521
f 747/786/522 779/809/522 778/807/522 746/784/522
f 761/787/523 793/810/523 792/808/523 760/785/523
f 748/788/524 780/811/524 779/809/524 747/786/524
f 762/789/525 794/812/525 793/810/525 761/787/525
f 749/790/526 781/813/526 780/811/526 748/788/526
f 763/791/527 795/814/527 794/812/527 762/789/527
f 750/792/528 782/815/528 781/813/528 749/790/528
f 764/793/529 796/816/529 795/814/529 763/791/529
f 751/794/530 783/817/530 782/815/530 750/792/530
f 738/795/531 770/818/531 769/819/531 737/776/531
f 765/796/532 797/820/532 796/816/532 764/793/532
f 752/797/533 784/821/533 783/817/533 751/794/533
f 739/798/534 771/822/534 770/818/534 738/795/534
f 766/799/535 798/823/535 797/820/535 765/796/535
f 753/800/536 785/824/536 784/821/536 752/797/536
f 740/770/537 772/825/537 771/822/537 739/798/537
f 767/772/538 799/826/538 798/823/538 766/799/538
f 754/774/539 786/827/539 785/824/539 753/800/539
f 741/769/540 773/828/540 772/825/540 740/770/540
f 768/771/541 800/829/541 799/826/541 767/772/541
f 755/773/542 787/830/542 786/827/542 754/774/542
f 742/775/543 774/831/543 773/828/543 741/769/543
f 737/776/544 769/819/544 800/829/544 768/771/544
f 756/777/545 788/832/545 787/830/545 755/773/545
f 743/778/546 775/802/546 774/831/546 742/775/546
f 757/779/547 789/804/547 788/832/547 756/777/547
f 779/809/548 811/833/548 810/834/548 778/807/548
f 793/810/549 825/835/549 824/836/549 792/808/549
f 780/811/550 812/837/550 811/833/550 779/809/550
f 794/812/551 826/838/551 825/835/551 793/810/551
f 781/813/552 813/839/552 812/837/552 780/811/552
f 795/814/553 827/840/553 826/838/553 794/812/553
f 782/815/554 814/841/554 813/839/554 781/813/554
f 796/816/555 828/842/555 827/840/555 795/814/555
f 783/817/556 815/843/556 814/841/556 782/815/556
f 770/818/557 802/844/557 801/845/557 769/819/557
f 797/820/558 829/846/558 828/842/558 796/816/558
f 784/821/559 816/847/559 815/843/559 783/817/559
f 771/822/560 803/848/560 802/844/560 770/818/560
f 798/823/561 830/849/561 829/846/561 797/820/561
f 785/824/562 817/850/562 816/847/562 784/821/562
f 772/825/563 804/851/563 803/848/563 771/822/563
f 799/826/564 831/852/564 830/849/564 798/823/564
f 786/827/565 818/853/565 817/850/565 785/824/565
f 773/828/566 805/854/566 804/851/566 772/825/566
f 800/829/567 832/855/567 831/852/567 799/826/567
f 787/830/568 819/856/568 818/853/568 786/827/568
f 774/831/569 806/857/569 805/854/569 773/828/569
f 769/819/570 801/845/570 832/855/570 800/829/570
f 788/832/571 820/858/571 819/856/571 787/830/571
f 775/802/572 807/859/572 806/857/572 774/831/572
f 789/804/573 821/860/573 820/858/573 788/832/573
f 776/801/574 808/861/574 807/859/574 775/802/574
f 790/803/575 822/862/575 821/860/575 789/804/575
f 777/805/576 809/863/576 808/861/576 776/801/576
f 791/806/577 823/864/577 822/862/577 790/803/577
f 778/807/578 810/834/578 809/863/578 777/805/578
f 792/808/579 824/836/579 823/864/579 791/806/579
f 814/841/580 846/865/580 845/866/580 813/839/580
f 828/842/581 860/867/581 859/868/581 827/840/581
f 815/843/582 847/869/582 846/865/582 814/841/582
f 802/844/583 834/870/583 833/871/583 801/845/583
f 829/846/584 861/872/584 860/867/584 828/842/584
f 816/847/585 848/873/585 847/869/585 815/843/585
f 803/848/586 835/874/586 834/870/586 802/844/586
f 830/849/587 862/875/587 861/872/587 829/846/587
f 817/850/588 849/876/588 848/873/588 816/847/588
f 804/851/589 836/877/589 835/874/589 803/848/589
f 831/852/590 863/878/590 862/875/590 830/849/590
f 818/853/591 850/879/591 849/876/591 817/850/591
f 805/854/592 837/880/592 836/877/592 804/851/592
f 832/855/593 864/881/593 863/878/593 831/852/593
f 819/856/594 851/882/594 850/879/594 818/853/594
f 806/857/595 838/883/595 837/880/595 805/854/595
f 801/845/596 833/871/596 864/881/596 832/855/596
f 820/858/597 852/884/597 851/882/597 819/856/597
f 807/859/598 839/885/598 838/883/598 806/857/598
f 821/860/599 853/886/599 852/884/599 820/858/599
f 808/861/600 840/887/600 839/885/600 807/859/600
f 822/862/601 854/888/601 853/886/601 821/860/601
f 809/863/602 841/889/602 840/887/602 808/861/602
f 823/864/603 855/890/603 854/888/603 822/862/603
f 810/834/604 842/891/604 841/889/604 809/863/604
f 824/836/605 856/892/605 855/890/605 823/864/605
f 811/833/606 843/893/606 842/891/606 810/834/606
f 825/835/607 857/894/607 856/892/607 824/836/607
f 812/837/608 844/895/608 843/893/608 811/833/608
f 826/838/609 858/896/609 857/894/609 825/835/609
f 813/839/610 845/866/610 844/895/610 812/837/610
f 827/840/611 859/868/611 858/896/611 826/838/611
f 861/872/207 896/674/207 893/673/207 860/867/207
f 847/869/220 894/676/220 892/675/220 846/865/220
f 860/867/205 893/673/205 891/677/205 859/868/205
f 846/865/219 892/675/219 890/678/219 845/866/219
f 859/868/203 891/677/203 889/679/203 858/896/203
f 845/866/214 890/678/214 888/680/214 844/895/214
f 858/896/201 889/679/201 887/681/201 857/894/201
f 844/895/211 888/680/211 886/682/211 843/893/211
f 857/894/199 887/681/199 885/683/199 856/892/199
f 843/893/208 886/682/208 884/684/208 842/891/208
f 856/892/197 885/683/197 883/685/197 855/890/197
f 842/891/206 884/684/206 882/686/206 841/889/206
f 855/890/195 883/685/195 881/687/195 854/888/195
f 841/889/204 882/686/204 880/688/204 840/887/204
f 854/888/193 881/687/193 879/689/193 853/886/193
f 840/887/202 880/688/202 878/690/202 839/885/202
f 853/886/218 879/689/218 877/691/218 852/884/218
f 834/870/223 895/693/223 876/692/223 833/871/223
f 839/885/200 878/690/200 875/694/200 838/883/200
f 852/884/217 877/691/217 874/695/217 851/882/217
f 833/871/222 876/692/222 873/696/222 864/881/222
f 838/883/198 875/694/198 872/697/198 837/880/198
f 851/882/216 874/695/216 871/698/216 850/879/216
f 864/881/215 873/696/215 870/699/215 863/878/215
f 863/878/212 870/699/212 869/700/212 862/875/212
f 862/875/209 869/700/209 896/674/209 861/872/209
f 837/880/196 872/697/196 868/701/196 836/877/196
f 836/877/194 868/701/194 867/702/194 835/874/194
f 835/874/224 867/702/224 895/693/224 834/870/224
f 850/879/213 871/698/213 866/703/213 849/876/213
f 849/876/210 866/703/210 865/704/210 848/873/210
f 848/873/221 865/704/221 894/676/221 847/869/221
